{
"type": "FeatureCollection",
"name": "highway_cycleway_Olomouc",
"crs": { "type": "name", "properties": { "name": "urn:ogc:def:crs:OGC:1.3:CRS84" } },
"features": [
{ "type": "Feature", "properties": { "legend": "cyklostezka" }, "geometry": { "type": "LineString", "coordinates": [ [ 17.257243009593012, 49.585367704197601 ], [ 17.257249409593001, 49.585378204197575 ], [ 17.25726740959303, 49.585385504197582 ], [ 17.257299209593057, 49.585388004197526 ], [ 17.257352009593106, 49.585389704197539 ], [ 17.257479109593184, 49.585389904197498 ], [ 17.257606509593273, 49.585392604197459 ], [ 17.25773220959335, 49.585401904197433 ], [ 17.257889709593464, 49.585418604197457 ], [ 17.258074509593584, 49.585442604197475 ], [ 17.258167109593668, 49.585457304197433 ], [ 17.258270109593724, 49.585479504197465 ], [ 17.258363109593798, 49.585500504197384 ], [ 17.258459609593864, 49.585529204197371 ], [ 17.258549009593914, 49.585554704197371 ] ] } },
{ "type": "Feature", "properties": { "legend": "cyklostezka" }, "geometry": { "type": "LineString", "coordinates": [ [ 17.250469209588847, 49.576697704192767 ], [ 17.250469309588841, 49.576682804192806 ], [ 17.250471709588854, 49.576673304192774 ], [ 17.250489409588855, 49.576631304192773 ], [ 17.250521909588887, 49.576583304192738 ], [ 17.250667309589002, 49.576387304192501 ], [ 17.250684909589005, 49.576364004192534 ], [ 17.250713409589032, 49.576325704192485 ], [ 17.250793309589117, 49.57621640419233 ], [ 17.250811109589115, 49.57619650419241 ] ] } },
{ "type": "Feature", "properties": { "legend": "cyklostezka" }, "geometry": { "type": "LineString", "coordinates": [ [ 17.251105309589402, 49.574960904191435 ], [ 17.251246309589522, 49.574903904191402 ], [ 17.25127640958954, 49.5748903041913 ], [ 17.251355309589584, 49.574858804191308 ], [ 17.251436409589651, 49.574826404191306 ], [ 17.251616109589783, 49.574754604191249 ], [ 17.25175540958989, 49.574695304191124 ], [ 17.251805209589918, 49.574674204191126 ], [ 17.251880509589974, 49.574642204190994 ], [ 17.252455709590397, 49.574397504190785 ], [ 17.252678909590561, 49.574302004190741 ], [ 17.252803009590664, 49.574248304190625 ], [ 17.252868309590692, 49.574219904190635 ], [ 17.252983609590796, 49.574174904190471 ], [ 17.253258809590985, 49.574078704190384 ], [ 17.253330109591037, 49.57405560419037 ] ] } },
{ "type": "Feature", "properties": { "legend": "cyklostezka" }, "geometry": { "type": "LineString", "coordinates": [ [ 17.289206909613295, 49.616164304212838 ], [ 17.289204209613278, 49.616286304212942 ], [ 17.289200109613269, 49.616469804213004 ], [ 17.289209009613259, 49.616658504213163 ], [ 17.289224209613256, 49.616853904213357 ], [ 17.289267709613245, 49.61743130421371 ], [ 17.28927510961325, 49.617472204213776 ], [ 17.289289309613256, 49.617506404213735 ], [ 17.289308009613258, 49.617530304213801 ], [ 17.28936170961331, 49.617569204213751 ], [ 17.289448109613371, 49.617616704213809 ], [ 17.289604509613465, 49.617701604213799 ], [ 17.289681209613519, 49.617746004213856 ], [ 17.289751409613562, 49.617795904213878 ], [ 17.289811709613598, 49.617846404213886 ], [ 17.289851609613628, 49.617887104213914 ], [ 17.289884409613656, 49.617932604213934 ], [ 17.289913509613662, 49.617978104213982 ], [ 17.289945709613676, 49.618041404214026 ], [ 17.290208809613823, 49.618683604214411 ], [ 17.290389609613921, 49.619136404214714 ], [ 17.290728809614084, 49.620003704215236 ], [ 17.290822409614137, 49.620214004215299 ], [ 17.290946509614212, 49.620497604215508 ], [ 17.2911212096143, 49.62090600421579 ], [ 17.291254309614363, 49.621218604215976 ], [ 17.291321709614408, 49.621352204216045 ], [ 17.291349909614425, 49.621431304216038 ], [ 17.291350909614412, 49.621477304216164 ], [ 17.291329009614397, 49.621560804216159 ], [ 17.291321309614389, 49.621606804216221 ] ] } },
{ "type": "Feature", "properties": { "legend": "cyklostezka" }, "geometry": { "type": "LineString", "coordinates": [ [ 17.250103309585977, 49.614154904219099 ], [ 17.249931909585872, 49.614113904219082 ], [ 17.249899009585832, 49.614106504219095 ], [ 17.249239409585382, 49.613959904219122 ], [ 17.248037509584549, 49.613685604219228 ], [ 17.246777109583704, 49.613399004219218 ], [ 17.245762409582987, 49.613168304219265 ], [ 17.243240109581258, 49.612596604219341 ], [ 17.242538909580791, 49.612437504219344 ], [ 17.239517109578699, 49.611749604219469 ], [ 17.237712109577462, 49.611340104219494 ], [ 17.235448409575888, 49.610822804219659 ], [ 17.235392609575864, 49.610813904219597 ], [ 17.235345309575827, 49.610811504219669 ], [ 17.235298909575793, 49.610815504219637 ], [ 17.235261909575769, 49.610822404219725 ] ] } },
{ "type": "Feature", "properties": { "legend": "cyklostezka" }, "geometry": { "type": "LineString", "coordinates": [ [ 17.261900709595601, 49.595303104203587 ], [ 17.261864409595567, 49.595244004203536 ], [ 17.261813309595563, 49.595047504203407 ], [ 17.261787809595546, 49.594897804203363 ], [ 17.261737609595524, 49.594742204203207 ], [ 17.261702109595511, 49.594681904203192 ], [ 17.261680609595484, 49.594657504203198 ], [ 17.261648009595476, 49.594620404203191 ], [ 17.261507909595387, 49.594509404203151 ], [ 17.261200109595183, 49.59427180420299 ], [ 17.260799509594911, 49.594102304203012 ], [ 17.260493209594703, 49.594000004202933 ] ] } },
{ "type": "Feature", "properties": { "legend": "cyklostezka" }, "geometry": { "type": "LineString", "coordinates": [ [ 17.24648200958454, 49.598429804208777 ], [ 17.246535209584572, 49.59842350420881 ], [ 17.246814609584746, 49.598471404208752 ], [ 17.247274909585084, 49.598497404208715 ], [ 17.247409309585187, 49.598504704208658 ], [ 17.247483509585237, 49.598508804208613 ], [ 17.247932009585547, 49.598535504208563 ], [ 17.248440609585902, 49.598565804208484 ], [ 17.248993609586293, 49.598600304208382 ] ] } },
{ "type": "Feature", "properties": { "legend": "cyklostezka" }, "geometry": { "type": "LineString", "coordinates": [ [ 17.247494409585013, 49.601789104210951 ], [ 17.247413209584966, 49.601685204210902 ], [ 17.247381109584953, 49.601601104210815 ], [ 17.247261509584892, 49.601321404210687 ], [ 17.247089309584794, 49.600929804210416 ], [ 17.247044009584748, 49.600831504210397 ], [ 17.246995109584738, 49.600716704210299 ], [ 17.246641409584555, 49.599885004209767 ], [ 17.246216309584312, 49.598865004209145 ], [ 17.246198709584309, 49.598822804209092 ] ] } },
{ "type": "Feature", "properties": { "legend": "cyklostezka" }, "geometry": { "type": "LineString", "coordinates": [ [ 17.242420309581487, 49.601224004211538 ], [ 17.242406609581447, 49.601598504211772 ], [ 17.242402109581423, 49.601854404212006 ], [ 17.242411109581418, 49.601935804212054 ], [ 17.24241820958143, 49.601961504212049 ], [ 17.242442509581444, 49.602002704212133 ], [ 17.242532209581498, 49.60212190421214 ], [ 17.242676109581595, 49.602274304212173 ] ] } },
{ "type": "Feature", "properties": { "legend": "cyklostezka" }, "geometry": { "type": "LineString", "coordinates": [ [ 17.199811309552071, 49.591506304213056 ], [ 17.199698609551984, 49.591550804213092 ], [ 17.199636609551948, 49.591592804213136 ], [ 17.199584509551904, 49.591640404213173 ], [ 17.199538709551863, 49.591700104213231 ], [ 17.199512909551842, 49.591746804213237 ], [ 17.199505809551841, 49.591804104213296 ], [ 17.199512409551826, 49.591860704213353 ], [ 17.199535309551845, 49.591909504213334 ], [ 17.199561109551869, 49.591944704213361 ], [ 17.199592509551884, 49.59198330421345 ], [ 17.199650509551926, 49.592021304213375 ], [ 17.199709909551967, 49.59204160421347 ], [ 17.199784509552032, 49.592049504213414 ], [ 17.19984470955206, 49.592047104213385 ], [ 17.199901009552104, 49.592035304213319 ], [ 17.199945009552128, 49.592013404213354 ], [ 17.199990509552162, 49.591984504213301 ], [ 17.200022509552184, 49.591938604213361 ], [ 17.2000287095522, 49.591906804213217 ], [ 17.200016709552191, 49.59185200421323 ], [ 17.199999009552172, 49.591819704213201 ], [ 17.199971809552164, 49.591799204213203 ], [ 17.199944709552145, 49.591780404213203 ], [ 17.199903309552123, 49.591763904213146 ], [ 17.199868209552097, 49.591754104213202 ], [ 17.199812909552055, 49.59174250421318 ] ] } },
{ "type": "Feature", "properties": { "legend": "cyklostezka" }, "geometry": { "type": "LineString", "coordinates": [ [ 17.254196009590611, 49.58913890420078 ], [ 17.254185109590598, 49.589128604200759 ], [ 17.254159109590589, 49.58910390420079 ], [ 17.254129209590563, 49.5890755042008 ], [ 17.25411230959055, 49.589059504200755 ] ] } },
{ "type": "Feature", "properties": { "legend": "cyklostezka" }, "geometry": { "type": "LineString", "coordinates": [ [ 17.25147870958957, 49.576240504192292 ], [ 17.251439009589557, 49.57623280419228 ], [ 17.25135000958949, 49.576233004192297 ], [ 17.251121809589332, 49.576221004192291 ], [ 17.251014409589267, 49.576213404192266 ], [ 17.250911109589183, 49.576206204192403 ], [ 17.250846509589145, 49.57620060419238 ] ] } },
{ "type": "Feature", "properties": { "legend": "cyklostezka" }, "geometry": { "type": "LineString", "coordinates": [ [ 17.250811109589115, 49.57619650419241 ], [ 17.250849209589141, 49.576151504192346 ], [ 17.250860509589163, 49.576137404192266 ], [ 17.250865009589159, 49.576122604192342 ], [ 17.250887209589187, 49.575992304192262 ], [ 17.250910209589211, 49.575815504192093 ], [ 17.250988209589309, 49.575329404191763 ], [ 17.251020509589338, 49.575090704191581 ], [ 17.251033709589354, 49.57503420419151 ], [ 17.251048909589368, 49.575002704191562 ], [ 17.25105690958938, 49.574989004191487 ], [ 17.25107360958938, 49.574975204191482 ], [ 17.251105309589402, 49.574960904191435 ] ] } },
{ "type": "Feature", "properties": { "legend": "cyklostezka" }, "geometry": { "type": "LineString", "coordinates": [ [ 17.26548580959874, 49.586369504196625 ], [ 17.265392709598665, 49.586396204196646 ], [ 17.264947109598346, 49.58665090419688 ], [ 17.264691609598152, 49.586817504197128 ] ] } },
{ "type": "Feature", "properties": { "legend": "cyklostezka" }, "geometry": { "type": "LineString", "coordinates": [ [ 17.287589309613377, 49.598857204201074 ], [ 17.287565509613369, 49.598786904200999 ], [ 17.28749660961331, 49.598746104200977 ] ] } },
{ "type": "Feature", "properties": { "legend": "cyklostezka" }, "geometry": { "type": "LineString", "coordinates": [ [ 17.275982709605483, 49.595403304200886 ], [ 17.276121809605588, 49.595430804200866 ] ] } },
{ "type": "Feature", "properties": { "legend": "cyklostezka" }, "geometry": { "type": "LineString", "coordinates": [ [ 17.236275609576577, 49.609265504218413 ], [ 17.236459709576728, 49.609173004218256 ], [ 17.236640809576855, 49.609088504218192 ], [ 17.236826509576989, 49.609010504218091 ], [ 17.23708870957719, 49.608906304217903 ], [ 17.23733330957737, 49.608822104217872 ], [ 17.237815309577712, 49.608673904217675 ], [ 17.237985909577855, 49.608619204217568 ], [ 17.238331409578088, 49.608495104217418 ], [ 17.238600109578282, 49.608405004217346 ], [ 17.238942609578537, 49.608295004217176 ], [ 17.239497409578949, 49.608115004216891 ], [ 17.239745509579123, 49.608027404216827 ], [ 17.240163109579434, 49.607867704216631 ], [ 17.240397309579588, 49.607780804216596 ], [ 17.240711309579819, 49.607673704216381 ], [ 17.241060409580079, 49.607558604216273 ], [ 17.241425109580348, 49.607441904216124 ], [ 17.241557309580447, 49.60739950421609 ], [ 17.241631409580489, 49.607375904216021 ], [ 17.241703109580548, 49.60734770421594 ], [ 17.24181040958063, 49.60730190421588 ], [ 17.241968009580741, 49.607243404215836 ], [ 17.241993509580759, 49.607235204215819 ] ] } },
{ "type": "Feature", "properties": { "legend": "cyklostezka" }, "geometry": { "type": "LineString", "coordinates": [ [ 17.242117809580851, 49.607188304215789 ], [ 17.242153709580872, 49.6071789042158 ], [ 17.242214009580923, 49.607167604215746 ], [ 17.242373609581037, 49.607124104215714 ], [ 17.242375209581038, 49.607124404215675 ], [ 17.242544609581152, 49.607070804215539 ], [ 17.242869109581399, 49.606955604215472 ], [ 17.242998009581491, 49.606908404215417 ], [ 17.243101909581569, 49.606863804215351 ], [ 17.243232009581664, 49.60679940421533 ], [ 17.243365609581758, 49.606721604215245 ], [ 17.24350320958186, 49.606635604215121 ], [ 17.243640209581962, 49.606545304215011 ], [ 17.24375630958205, 49.606468504214988 ], [ 17.244026709582261, 49.606274804214728 ], [ 17.244160909582369, 49.606173004214661 ], [ 17.244357609582515, 49.606014404214534 ], [ 17.244447809582574, 49.605931804214492 ], [ 17.244559409582667, 49.60583850421434 ], [ 17.244810009582849, 49.605636504214175 ], [ 17.245079609583062, 49.605434504214003 ], [ 17.245240709583179, 49.605312004213822 ], [ 17.245427709583328, 49.605183704213744 ], [ 17.24551870958339, 49.605121304213696 ], [ 17.245731609583551, 49.604967404213546 ], [ 17.245846409583645, 49.604886904213465 ], [ 17.245964409583717, 49.604819404213359 ] ] } },
{ "type": "Feature", "properties": { "legend": "cyklostezka" }, "geometry": { "type": "LineString", "coordinates": [ [ 17.236275609576577, 49.609265504218413 ], [ 17.236065809576431, 49.609389504218512 ], [ 17.235964109576347, 49.609458304218599 ], [ 17.235875809576292, 49.609520504218601 ], [ 17.23577510957622, 49.609598704218698 ], [ 17.235544609576042, 49.609797604218919 ], [ 17.235409709575944, 49.609920704218986 ], [ 17.235305109575854, 49.610023704219138 ], [ 17.235206809575775, 49.610139104219179 ], [ 17.234995209575608, 49.610400704219423 ], [ 17.234871309575507, 49.610575904219601 ] ] } },
{ "type": "Feature", "properties": { "legend": "cyklostezka" }, "geometry": { "type": "LineString", "coordinates": [ [ 17.199812909552055, 49.59174250421318 ], [ 17.19871020955129, 49.591534804213296 ] ] } },
{ "type": "Feature", "properties": { "legend": "cyklostezka" }, "geometry": { "type": "LineString", "coordinates": [ [ 17.19871020955129, 49.591534804213296 ], [ 17.198675709551264, 49.59153060421329 ], [ 17.198634009551228, 49.591529604213292 ], [ 17.198594609551204, 49.591534704213274 ], [ 17.198539509551164, 49.591550104213283 ], [ 17.198485809551119, 49.59157550421336 ], [ 17.198435409551095, 49.591618704213417 ], [ 17.198415609551077, 49.591663304213398 ], [ 17.198414409551074, 49.591700504213371 ], [ 17.198422609551063, 49.591728604213451 ], [ 17.198446409551092, 49.591763404213467 ], [ 17.19848010955111, 49.591792704213461 ], [ 17.198530109551136, 49.591816304213474 ], [ 17.198587709551177, 49.591832704213545 ], [ 17.198643209551218, 49.591840004213516 ], [ 17.198699509551272, 49.591837904213484 ], [ 17.19875060955129, 49.591824804213481 ], [ 17.198797209551323, 49.591810004213485 ], [ 17.198834609551376, 49.591783704213412 ], [ 17.198860109551383, 49.591753504213408 ], [ 17.198876109551403, 49.591725504213365 ], [ 17.198969809551464, 49.591522304213228 ], [ 17.198978109551483, 49.591483904213199 ], [ 17.198979409551487, 49.591454704213106 ], [ 17.19897180955148, 49.591401404213137 ], [ 17.198957409551479, 49.591359004213068 ], [ 17.198925809551461, 49.591306604213088 ], [ 17.198895209551438, 49.591272804213055 ], [ 17.198789709551367, 49.591192004213028 ] ] } },
{ "type": "Feature", "properties": { "legend": "cyklostezka" }, "geometry": { "type": "LineString", "coordinates": [ [ 17.262187609596047, 49.591504804200888 ], [ 17.262228509596085, 49.591552904200903 ], [ 17.263107209596647, 49.5925373042014 ], [ 17.263155309596666, 49.59259120420149 ], [ 17.263658809596969, 49.593156104201825 ] ] } },
{ "type": "Feature", "properties": { "legend": "cyklostezka" }, "geometry": { "type": "LineString", "coordinates": [ [ 17.245256709584041, 49.593037104205258 ], [ 17.245240909584034, 49.593038004205269 ], [ 17.245225209584028, 49.593040204205231 ], [ 17.245212209584015, 49.593043604205334 ], [ 17.245188609583995, 49.593050804205305 ], [ 17.245117209583938, 49.59307440420536 ], [ 17.244930009583811, 49.593142804205392 ], [ 17.244688509583632, 49.593211104205508 ], [ 17.244561909583553, 49.59324260420555 ], [ 17.244443609583456, 49.593253104205616 ], [ 17.244353109583397, 49.593257204205607 ] ] } },
{ "type": "Feature", "properties": { "legend": "cyklostezka" }, "geometry": { "type": "LineString", "coordinates": [ [ 17.219492109565209, 49.602652904216988 ], [ 17.219515509565234, 49.602635504216963 ], [ 17.219524609565237, 49.602622204216999 ], [ 17.21952670956524, 49.602608904217 ], [ 17.219521709565235, 49.602594204216985 ], [ 17.219489309565226, 49.602552804216927 ] ] } },
{ "type": "Feature", "properties": { "legend": "cyklostezka" }, "geometry": { "type": "LineString", "coordinates": [ [ 17.239087109577934, 49.618296704224157 ], [ 17.238728209577687, 49.6181161042241 ], [ 17.237344809576769, 49.617397504223831 ], [ 17.237248909576703, 49.617345304223839 ], [ 17.237146409576631, 49.617281004223848 ], [ 17.23709350957661, 49.617246904223805 ], [ 17.236918909576495, 49.617134304223768 ], [ 17.236607109576276, 49.616948004223701 ], [ 17.236546609576241, 49.616912604223664 ], [ 17.236391709576129, 49.616831504223676 ], [ 17.236303109576081, 49.616783104223607 ], [ 17.236219509576017, 49.616744704223628 ], [ 17.236135409575951, 49.616706004223609 ], [ 17.235298109575407, 49.616371504223537 ], [ 17.235094909575263, 49.616300104223491 ], [ 17.234831909575071, 49.616207604223497 ], [ 17.23376330957435, 49.615831904223448 ], [ 17.23366370957428, 49.6157932042235 ], [ 17.233559909574225, 49.61574190422342 ], [ 17.233512209574183, 49.615708504223434 ] ] } },
{ "type": "Feature", "properties": { "legend": "cyklostezka" }, "geometry": { "type": "LineString", "coordinates": [ [ 17.249078909587055, 49.588595004201409 ], [ 17.249154609587098, 49.588711804201402 ], [ 17.249189609587113, 49.588760704201484 ], [ 17.249228709587143, 49.588817704201517 ], [ 17.249262809587155, 49.588856504201544 ], [ 17.249299509587189, 49.588885804201496 ], [ 17.2493427095872, 49.588913904201561 ], [ 17.24940810958725, 49.588946504201587 ], [ 17.249496509587317, 49.588984804201559 ], [ 17.249574909587363, 49.589020704201609 ], [ 17.249609409587386, 49.589039104201582 ], [ 17.249650409587414, 49.589064404201643 ], [ 17.249695809587436, 49.589099104201594 ], [ 17.249865009587552, 49.589246304201758 ] ] } },
{ "type": "Feature", "properties": { "legend": "cyklostezka" }, "geometry": { "type": "LineString", "coordinates": [ [ 17.289206909613295, 49.616164304212838 ], [ 17.288598609612855, 49.616481104213165 ], [ 17.287299809611891, 49.617137804213939 ], [ 17.287162309611794, 49.617207304213942 ], [ 17.287030709611692, 49.617293004214041 ], [ 17.286861409611564, 49.617424104214194 ], [ 17.286703209611442, 49.617561104214282 ], [ 17.286525009611307, 49.617708904214425 ], [ 17.28645090961124, 49.617761504214435 ], [ 17.28637130961118, 49.617799904214564 ], [ 17.286243909611098, 49.617841004214569 ], [ 17.286118609611012, 49.617872504214603 ], [ 17.284898609610131, 49.618117404215091 ], [ 17.284704109609994, 49.618155604215097 ], [ 17.28448060960984, 49.618195604215209 ], [ 17.283113109608848, 49.618481204215691 ], [ 17.282087109608131, 49.618695804216017 ], [ 17.281877909607967, 49.618730004216083 ], [ 17.281763009607907, 49.618734804216039 ], [ 17.281632109607806, 49.618720104216109 ], [ 17.28073040960718, 49.618600704216242 ], [ 17.27979370960653, 49.618480404216264 ], [ 17.279545609606348, 49.618448604216361 ], [ 17.278814409605854, 49.618354804216452 ], [ 17.27854090960566, 49.618324204216449 ], [ 17.278298709605505, 49.618298004216449 ], [ 17.278161209605404, 49.618284104216428 ], [ 17.277557409604981, 49.618194804216571 ], [ 17.276942809604556, 49.618115904216609 ], [ 17.27608590960396, 49.61800670421669 ], [ 17.275579209603627, 49.617957904216759 ], [ 17.275013809603216, 49.617914704216872 ], [ 17.27456960960291, 49.617880804216931 ], [ 17.274355209602756, 49.617864404216945 ], [ 17.274192409602637, 49.617852304216974 ], [ 17.27103180960043, 49.617617904217461 ], [ 17.270871109600339, 49.617613104217426 ], [ 17.270752809600253, 49.617625104217431 ], [ 17.270669809600182, 49.617648604217543 ], [ 17.270632309600163, 49.617669604217532 ], [ 17.270474709600041, 49.617855304217684 ], [ 17.27041260959999, 49.617928404217778 ], [ 17.270341509599948, 49.618006704217812 ], [ 17.270285809599883, 49.618048204217907 ], [ 17.269830009599552, 49.618337704218163 ], [ 17.269385609599222, 49.618586404218377 ], [ 17.269291409599148, 49.618643104218492 ], [ 17.269201009599087, 49.618703304218535 ], [ 17.269124909599018, 49.6187654042186 ], [ 17.269052909598965, 49.618849404218651 ], [ 17.268969909598901, 49.61895060421876 ], [ 17.268672009598664, 49.619330804219082 ], [ 17.268587409598606, 49.619416304219101 ], [ 17.268506109598547, 49.619488304219232 ], [ 17.268268209598357, 49.619720704219397 ], [ 17.268109909598245, 49.619818004219496 ], [ 17.267903409598087, 49.619922304219642 ], [ 17.267482309597781, 49.620089104219815 ], [ 17.26683700959731, 49.620304204220112 ], [ 17.266731309597223, 49.620375804220188 ], [ 17.266695809597206, 49.620436304220206 ], [ 17.26663600959716, 49.620507004220308 ], [ 17.266542909597078, 49.620625004220344 ], [ 17.266480209597027, 49.620702704220477 ], [ 17.266235109596828, 49.621052204220767 ], [ 17.265925209596581, 49.621497504221153 ], [ 17.265894909596568, 49.621534304221143 ], [ 17.265865209596544, 49.621567004221156 ], [ 17.265837409596511, 49.621596104221261 ], [ 17.265802509596483, 49.62162640422121 ], [ 17.265774109596467, 49.621644104221247 ], [ 17.265745709596441, 49.621657704221306 ], [ 17.265710409596434, 49.621668804221294 ] ] } },
{ "type": "Feature", "properties": { "legend": "cyklostezka" }, "geometry": { "type": "LineString", "coordinates": [ [ 17.245738909584535, 49.590888504203654 ], [ 17.245773409584562, 49.590799004203589 ], [ 17.245793809584576, 49.590762404203531 ], [ 17.245826109584613, 49.590722204203566 ], [ 17.246042309584773, 49.590519504203343 ], [ 17.246194109584888, 49.590348404203233 ], [ 17.246392309585051, 49.590206904203065 ] ] } },
{ "type": "Feature", "properties": { "legend": "cyklostezka" }, "geometry": { "type": "LineString", "coordinates": [ [ 17.244510809583574, 49.592189104204841 ], [ 17.244353109583397, 49.593257204205607 ], [ 17.244319809583356, 49.593493204205764 ], [ 17.244246509583284, 49.593724304205885 ], [ 17.244026509583122, 49.593972504206143 ], [ 17.24370160958286, 49.594309904206455 ], [ 17.243554409582753, 49.594453104206565 ], [ 17.243519909582723, 49.594487004206613 ], [ 17.24312920958242, 49.594865504206908 ], [ 17.243008209582324, 49.594982704207055 ], [ 17.242890009582229, 49.595081104207146 ] ] } },
{ "type": "Feature", "properties": { "legend": "cyklostezka" }, "geometry": { "type": "LineString", "coordinates": [ [ 17.246974709585476, 49.589787304202581 ], [ 17.247002509585514, 49.589779904202544 ], [ 17.247030609585522, 49.5897756042026 ], [ 17.247508909585857, 49.589737304202494 ], [ 17.247741309586033, 49.589719704202388 ], [ 17.247874609586123, 49.589711804202402 ], [ 17.247915709586145, 49.589710304202413 ], [ 17.247953509586182, 49.589710504202401 ], [ 17.248019309586223, 49.589722004202436 ], [ 17.248089909586266, 49.589728304202431 ], [ 17.248255109586395, 49.589736904202354 ], [ 17.248399909586489, 49.589745404202361 ], [ 17.248571609586605, 49.589748604202356 ], [ 17.248645809586655, 49.589745904202317 ], [ 17.248718809586702, 49.589737604202277 ], [ 17.248805009586768, 49.589728104202301 ], [ 17.248882909586847, 49.589717404202183 ], [ 17.248944709586873, 49.58970290420217 ], [ 17.249005009586917, 49.589681104202249 ], [ 17.249071409586968, 49.589644104202087 ], [ 17.249136909587019, 49.58960430420214 ], [ 17.249211909587082, 49.589549904202073 ], [ 17.249260509587106, 49.589519404202001 ], [ 17.249306309587144, 49.589500504201972 ], [ 17.249373009587192, 49.589481904201953 ], [ 17.249437109587241, 49.589464004201922 ], [ 17.249569109587334, 49.589427704201917 ], [ 17.249628309587383, 49.589404604201818 ], [ 17.249663109587409, 49.589382604201838 ], [ 17.249714009587432, 49.589345004201782 ], [ 17.249759509587474, 49.589316504201769 ], [ 17.249865009587552, 49.589246304201758 ] ] } },
{ "type": "Feature", "properties": { "legend": "cyklostezka" }, "geometry": { "type": "LineString", "coordinates": [ [ 17.244353109583397, 49.593257204205607 ], [ 17.244201709583294, 49.59324000420559 ], [ 17.24405640958318, 49.593224304205684 ] ] } },
{ "type": "Feature", "properties": { "legend": "cyklostezka" }, "geometry": { "type": "LineString", "coordinates": [ [ 17.257133909593239, 49.580903004194433 ], [ 17.257165309593262, 49.580930304194474 ], [ 17.257199609593286, 49.580957504194465 ], [ 17.257252609593319, 49.580983804194503 ], [ 17.257306609593357, 49.581005704194553 ], [ 17.257351909593392, 49.581018204194436 ], [ 17.257401409593413, 49.581026804194494 ], [ 17.257474409593481, 49.581032804194479 ], [ 17.257547009593527, 49.581041204194491 ], [ 17.257749409593664, 49.581068504194413 ], [ 17.257877309593759, 49.581084804194433 ], [ 17.258108609593911, 49.581114404194444 ], [ 17.258309709594052, 49.581150904194423 ], [ 17.258558809594224, 49.581231204194424 ], [ 17.258575809594234, 49.581235204194371 ], [ 17.258586609594243, 49.581236304194377 ], [ 17.25859600959426, 49.58123550419436 ], [ 17.258604209594267, 49.581229404194417 ], [ 17.258627309594281, 49.581191604194345 ], [ 17.258642809594278, 49.581166604194365 ], [ 17.2586578095943, 49.581136404194346 ], [ 17.259463109594858, 49.581315704194203 ], [ 17.261044909595938, 49.581623504194184 ], [ 17.261097009595982, 49.581632204194158 ], [ 17.261224809596062, 49.581648104194187 ], [ 17.261264409596095, 49.581654104194193 ], [ 17.26129360959612, 49.581661404194136 ], [ 17.261345409596146, 49.58168780419421 ], [ 17.261377509596173, 49.581706904194185 ], [ 17.261449409596217, 49.581762204194192 ], [ 17.261478309596235, 49.581783304194218 ], [ 17.261525009596269, 49.581803404194233 ], [ 17.261579209596295, 49.581815604194212 ] ] } },
{ "type": "Feature", "properties": { "legend": "cyklostezka" }, "geometry": { "type": "LineString", "coordinates": [ [ 17.265899109599289, 49.582615504194003 ], [ 17.266485909599691, 49.582726904193834 ], [ 17.26669290959984, 49.582764704193856 ], [ 17.266796409599902, 49.582788704193931 ], [ 17.267300909600255, 49.582903304193849 ], [ 17.267397609600312, 49.582924704193879 ], [ 17.267514309600394, 49.582950504193832 ], [ 17.267688609600512, 49.582984604193811 ], [ 17.267767209600574, 49.582999404193814 ], [ 17.267845909600627, 49.583011204193831 ], [ 17.267929909600692, 49.5830232041938 ], [ 17.268017909600747, 49.583034204193766 ], [ 17.268115809600808, 49.583042404193804 ], [ 17.268223709600882, 49.583049304193807 ], [ 17.268313209600954, 49.583049704193769 ], [ 17.26839790960101, 49.5830481041938 ], [ 17.268489809601082, 49.583042404193741 ], [ 17.268577009601138, 49.583033104193674 ], [ 17.268657609601199, 49.583020604193692 ], [ 17.26872280960125, 49.583009304193638 ], [ 17.268816609601309, 49.58298820419359 ], [ 17.26889080960138, 49.582966804193546 ], [ 17.268952509601409, 49.582947704193543 ], [ 17.269050409601483, 49.582910604193465 ], [ 17.269135109601553, 49.582875504193467 ], [ 17.269205809601598, 49.582838404193481 ], [ 17.269274709601628, 49.582799004193426 ], [ 17.269336009601684, 49.582757604193326 ], [ 17.269371709601714, 49.582729904193364 ], [ 17.269409709601756, 49.582697904193324 ], [ 17.269432509601771, 49.582673904193307 ], [ 17.269464309601794, 49.582634104193218 ], [ 17.269486209601808, 49.582611804193242 ], [ 17.269498409601816, 49.582605604193262 ], [ 17.269524809601837, 49.582602604193205 ], [ 17.269570409601872, 49.582605004193233 ], [ 17.269597209601894, 49.582611004193183 ], [ 17.269689009601958, 49.582633304193209 ] ] } },
{ "type": "Feature", "properties": { "legend": "cyklostezka" }, "geometry": { "type": "LineString", "coordinates": [ [ 17.252755709589685, 49.587752704200106 ], [ 17.253010009589865, 49.587749904200074 ], [ 17.25311680958994, 49.587747204200035 ], [ 17.253219309590012, 49.587744704200041 ], [ 17.253337709590106, 49.587728604199953 ], [ 17.253424409590174, 49.587705304199901 ], [ 17.253610609590304, 49.587629004199798 ], [ 17.253721209590388, 49.587572004199757 ], [ 17.253887509590498, 49.587478904199706 ], [ 17.253973709590579, 49.58744360419962 ], [ 17.254063609590645, 49.587415004199585 ], [ 17.25415350959069, 49.587398104199579 ], [ 17.254246109590763, 49.587385004199582 ], [ 17.254329209590818, 49.587381404199583 ], [ 17.254441209590897, 49.587385804199542 ], [ 17.254611109591018, 49.587402304199472 ], [ 17.254954809591251, 49.587477304199524 ], [ 17.255074309591347, 49.587503804199443 ], [ 17.255135909591374, 49.587530004199529 ], [ 17.255193409591413, 49.587562804199521 ], [ 17.255240709591455, 49.587595604199478 ] ] } },
{ "type": "Feature", "properties": { "legend": "cyklostezka" }, "geometry": { "type": "LineString", "coordinates": [ [ 17.292505609615777, 49.613870204210585 ], [ 17.292450209615719, 49.613907204210662 ], [ 17.292439809615729, 49.613927204210633 ], [ 17.292436409615711, 49.613948804210658 ], [ 17.292431909615711, 49.613984304210646 ], [ 17.292435109615699, 49.614033504210731 ], [ 17.292442309615712, 49.614056504210758 ], [ 17.292463209615729, 49.614086404210738 ], [ 17.292506809615752, 49.614126304210757 ] ] } },
{ "type": "Feature", "properties": { "legend": "cyklostezka" }, "geometry": { "type": "LineString", "coordinates": [ [ 17.281123309608979, 49.596902604200942 ], [ 17.281046809608934, 49.596907004200972 ], [ 17.28093880960887, 49.596916204201023 ], [ 17.280859809608792, 49.596925804201042 ], [ 17.28080360960876, 49.596935404201027 ], [ 17.28074660960872, 49.59694650420105 ], [ 17.280707309608687, 49.596957404201078 ] ] } },
{ "type": "Feature", "properties": { "legend": "cyklostezka" }, "geometry": { "type": "LineString", "coordinates": [ [ 17.26571410959863, 49.590216804199301 ], [ 17.26568780959861, 49.590201104199224 ], [ 17.26563570959858, 49.59017760419929 ], [ 17.265306509598357, 49.590062504199288 ], [ 17.265162609598264, 49.590015104199225 ], [ 17.26504360959818, 49.59000740419922 ] ] } },
{ "type": "Feature", "properties": { "legend": "cyklostezka" }, "geometry": { "type": "LineString", "coordinates": [ [ 17.250923509587277, 49.603973904211799 ], [ 17.250169409586736, 49.603949104211978 ], [ 17.249751009586454, 49.604039404212045 ], [ 17.249129309585999, 49.60415240421225 ], [ 17.248931109585854, 49.60419580421231 ], [ 17.248633009585639, 49.60425960421243 ], [ 17.248476809585526, 49.604301104212496 ], [ 17.248310609585406, 49.604352304212547 ], [ 17.24820500958532, 49.604387404212588 ], [ 17.248154809585294, 49.604404504212638 ], [ 17.248124509585271, 49.604412604212683 ], [ 17.248100709585266, 49.604413204212655 ], [ 17.248080909585244, 49.604409904212645 ] ] } },
{ "type": "Feature", "properties": { "legend": "cyklostezka" }, "geometry": { "type": "LineString", "coordinates": [ [ 17.248080909585244, 49.604409904212645 ], [ 17.248057609585235, 49.604393504212652 ] ] } },
{ "type": "Feature", "properties": { "legend": "cyklostezka" }, "geometry": { "type": "LineString", "coordinates": [ [ 17.263930609597402, 49.589909104199407 ], [ 17.263946509597417, 49.589928704199394 ], [ 17.263956409597416, 49.589940904199423 ], [ 17.264208409597583, 49.590184804199538 ], [ 17.264232809597583, 49.590205104199555 ], [ 17.264263209597619, 49.590231204199576 ], [ 17.264321509597657, 49.590272604199534 ], [ 17.264361009597675, 49.590305704199636 ], [ 17.264387709597703, 49.590335804199604 ], [ 17.264436809597726, 49.590394104199646 ], [ 17.264490309597747, 49.590470304199684 ], [ 17.264546609597783, 49.590542604199776 ], [ 17.264620109597832, 49.59063270419982 ], [ 17.264666509597856, 49.590669304199785 ], [ 17.264788309597943, 49.590788304199855 ], [ 17.26491160959803, 49.590895404199898 ], [ 17.264935909598044, 49.590915004199957 ], [ 17.265197409598205, 49.591101904199988 ], [ 17.265417109598353, 49.591260304200048 ], [ 17.266048609598766, 49.591678604200268 ], [ 17.266211509598879, 49.59179260420035 ], [ 17.266491809599053, 49.591978004200364 ], [ 17.266673209599166, 49.592100404200444 ], [ 17.26683770959928, 49.592211304200461 ], [ 17.267080909599446, 49.592357804200475 ], [ 17.267168709599506, 49.592411904200553 ], [ 17.267336309599603, 49.592520304200605 ], [ 17.267426109599668, 49.592596204200689 ], [ 17.267480609599708, 49.592652804200675 ], [ 17.267543409599735, 49.592732804200715 ], [ 17.267602609599763, 49.592826604200802 ], [ 17.267636909599794, 49.592900604200814 ], [ 17.267653209599807, 49.592935704200826 ], [ 17.267688509599825, 49.593046404200919 ], [ 17.267712109599842, 49.593187004200907 ], [ 17.267726609599823, 49.59330760420108 ], [ 17.267721909599796, 49.593559204201249 ], [ 17.267706609599792, 49.593682104201363 ], [ 17.267679209599766, 49.593816504201428 ], [ 17.2674908095996, 49.594368904201822 ], [ 17.267452209599568, 49.594442204201854 ] ] } },
{ "type": "Feature", "properties": { "legend": "cyklostezka" }, "geometry": { "type": "LineString", "coordinates": [ [ 17.264620109597832, 49.59063270419982 ], [ 17.264583309597818, 49.590526604199709 ], [ 17.26456960959781, 49.590490804199703 ], [ 17.2645508095978, 49.59045830419975 ], [ 17.264495509597769, 49.590379704199663 ], [ 17.264426209597726, 49.590287204199569 ], [ 17.264387409597703, 49.590246104199586 ], [ 17.264326509597666, 49.590178404199541 ], [ 17.264286409597638, 49.590126604199362 ], [ 17.264248609597619, 49.590072104199429 ], [ 17.264201609597581, 49.589991204199407 ] ] } },
{ "type": "Feature", "properties": { "legend": "cyklostezka" }, "geometry": { "type": "LineString", "coordinates": [ [ 17.263846509597375, 49.589642604199263 ], [ 17.263779209597313, 49.589626004199211 ], [ 17.263721009597287, 49.589615004199224 ], [ 17.263663009597231, 49.589604804199261 ], [ 17.263584409597183, 49.589593404199228 ], [ 17.262945209596733, 49.589533504199345 ] ] } },
{ "type": "Feature", "properties": { "legend": "cyklostezka" }, "geometry": { "type": "LineString", "coordinates": [ [ 17.263855709597419, 49.588940104198699 ], [ 17.263880309597472, 49.588533604198439 ], [ 17.263873309597464, 49.588415604198374 ], [ 17.263855109597447, 49.588357404198412 ], [ 17.263816709597439, 49.588268904198252 ], [ 17.263756209597403, 49.588149804198217 ], [ 17.263714409597377, 49.588095004198195 ], [ 17.263655309597336, 49.588051904198196 ], [ 17.263581509597284, 49.588015104198156 ], [ 17.263526909597246, 49.587993304198172 ], [ 17.263380309597146, 49.587953304198152 ], [ 17.263261309597063, 49.587932104198195 ], [ 17.263154809596983, 49.58792060419821 ] ] } },
{ "type": "Feature", "properties": { "legend": "cyklostezka" }, "geometry": { "type": "LineString", "coordinates": [ [ 17.256681009592178, 49.591754104202145 ], [ 17.256528209592041, 49.592028504202361 ], [ 17.256324609591871, 49.592374504202638 ], [ 17.256231309591804, 49.59252790420274 ], [ 17.256186409591773, 49.59262010420283 ] ] } },
{ "type": "Feature", "properties": { "legend": "cyklostezka" }, "geometry": { "type": "LineString", "coordinates": [ [ 17.256841909592307, 49.59139470420179 ], [ 17.256947309592402, 49.591130304201599 ], [ 17.25699190959244, 49.591021604201586 ], [ 17.257013809592461, 49.590968904201425 ], [ 17.257022309592479, 49.590951904201496 ], [ 17.257028409592468, 49.5909303042015 ], [ 17.257034109592485, 49.590906404201426 ], [ 17.257037209592486, 49.590885804201456 ], [ 17.257038109592489, 49.5908616042014 ], [ 17.257036509592492, 49.590840204201399 ], [ 17.257029809592488, 49.590815504201395 ], [ 17.257015109592473, 49.590786604201355 ], [ 17.256974309592454, 49.590731504201358 ], [ 17.256953809592453, 49.590703904201305 ], [ 17.256911409592412, 49.590645704201336 ], [ 17.256754309592313, 49.590435004201169 ], [ 17.256586209592225, 49.590207604201083 ], [ 17.256502609592161, 49.590094504201062 ] ] } },
{ "type": "Feature", "properties": { "legend": "cyklostezka" }, "geometry": { "type": "LineString", "coordinates": [ [ 17.256681009592178, 49.591754104202145 ], [ 17.256841909592307, 49.59139470420179 ] ] } },
{ "type": "Feature", "properties": { "legend": "cyklostezka" }, "geometry": { "type": "LineString", "coordinates": [ [ 17.256841909592307, 49.59139470420179 ], [ 17.2568109095923, 49.591394604201803 ], [ 17.256781909592267, 49.591390504201868 ], [ 17.256759409592252, 49.591385704201819 ], [ 17.256729509592244, 49.591375204201853 ], [ 17.25670370959222, 49.591364304201903 ], [ 17.256663209592194, 49.591341904201819 ], [ 17.256624709592163, 49.591314504201812 ], [ 17.256592509592139, 49.591291704201787 ], [ 17.25655080959212, 49.59126610420175 ], [ 17.256501009592089, 49.591239504201788 ], [ 17.256308609591958, 49.591147304201805 ], [ 17.256147809591852, 49.591080704201779 ], [ 17.256128609591844, 49.591069804201709 ], [ 17.2560753095918, 49.591039704201705 ], [ 17.255913209591689, 49.590898504201704 ], [ 17.255843809591656, 49.590846304201705 ], [ 17.255792509591597, 49.590824404201676 ] ] } },
{ "type": "Feature", "properties": { "legend": "cyklostezka" }, "geometry": { "type": "LineString", "coordinates": [ [ 17.256186409591773, 49.59262010420283 ], [ 17.256105409591669, 49.593139104203225 ], [ 17.256077509591638, 49.593257204203326 ], [ 17.256021209591605, 49.593392804203361 ], [ 17.255929309591512, 49.593604804203544 ] ] } },
{ "type": "Feature", "properties": { "legend": "cyklostezka" }, "geometry": { "type": "LineString", "coordinates": [ [ 17.252247409589327, 49.587922304200305 ], [ 17.25299460958983, 49.58804180420028 ] ] } },
{ "type": "Feature", "properties": { "legend": "cyklostezka" }, "geometry": { "type": "LineString", "coordinates": [ [ 17.270127609601683, 49.590753504198766 ], [ 17.270309809601819, 49.590797704198806 ], [ 17.271788509602825, 49.591156104198802 ], [ 17.27200090960298, 49.591207604198708 ], [ 17.273504409604005, 49.591572004198717 ], [ 17.273569209604055, 49.591587704198709 ] ] } },
{ "type": "Feature", "properties": { "legend": "cyklostezka" }, "geometry": { "type": "LineString", "coordinates": [ [ 17.270303709601841, 49.590417904198532 ], [ 17.270474009601951, 49.590457204198529 ], [ 17.272170209603122, 49.590866204198498 ], [ 17.273010109603696, 49.591067204198438 ], [ 17.273756709604214, 49.591245904198416 ], [ 17.273875109604305, 49.591274504198424 ], [ 17.273906309604303, 49.591283104198432 ] ] } },
{ "type": "Feature", "properties": { "legend": "cyklostezka" }, "geometry": { "type": "LineString", "coordinates": [ [ 17.262875309596666, 49.589828804199598 ], [ 17.262409409596337, 49.589778104199638 ], [ 17.262134709596147, 49.589745704199657 ], [ 17.26184010959593, 49.589709404199695 ], [ 17.261551709595739, 49.58967430419974 ], [ 17.260962609595335, 49.589588304199758 ], [ 17.2609137095953, 49.589580804199805 ] ] } },
{ "type": "Feature", "properties": { "legend": "cyklostezka" }, "geometry": { "type": "LineString", "coordinates": [ [ 17.264903709598098, 49.589728404199136 ], [ 17.264240709597626, 49.589677004199203 ], [ 17.263981109597452, 49.589653604199285 ] ] } },
{ "type": "Feature", "properties": { "legend": "cyklostezka" }, "geometry": { "type": "LineString", "coordinates": [ [ 17.274108409604437, 49.591468904198557 ], [ 17.274090709604433, 49.591499604198496 ], [ 17.274070509604421, 49.591534504198599 ], [ 17.274053709604399, 49.591563804198579 ] ] } },
{ "type": "Feature", "properties": { "legend": "cyklostezka" }, "geometry": { "type": "LineString", "coordinates": [ [ 17.273720009604155, 49.591627104198714 ], [ 17.273687009604128, 49.591618104198723 ], [ 17.273569209604055, 49.591587704198709 ] ] } },
{ "type": "Feature", "properties": { "legend": "cyklostezka" }, "geometry": { "type": "LineString", "coordinates": [ [ 17.245964409583717, 49.604819404213359 ], [ 17.246101809583834, 49.60474520421328 ], [ 17.246323209583998, 49.60464550421321 ], [ 17.246540209584154, 49.604565304213075 ], [ 17.246722809584277, 49.604516104212983 ], [ 17.246847309584368, 49.60448320421299 ], [ 17.246951409584447, 49.604451604212933 ], [ 17.247054909584513, 49.604417504212932 ], [ 17.24716930958461, 49.604371704212774 ], [ 17.247291909584685, 49.604318604212779 ], [ 17.247545209584882, 49.604214304212675 ], [ 17.247742709585022, 49.604136004212506 ] ] } },
{ "type": "Feature", "properties": { "legend": "cyklostezka" }, "geometry": { "type": "LineString", "coordinates": [ [ 17.276284409605942, 49.591884204198372 ], [ 17.276341909605968, 49.591900204198375 ], [ 17.276391809606004, 49.591912104198414 ], [ 17.276444909606056, 49.591925004198387 ], [ 17.276481009606069, 49.59192950419839 ], [ 17.276521409606108, 49.591930504198373 ], [ 17.276557009606123, 49.591930204198377 ], [ 17.276604509606162, 49.591925404198406 ], [ 17.276623609606183, 49.591923004198371 ], [ 17.276654609606208, 49.591919004198324 ], [ 17.276726809606249, 49.591908404198293 ], [ 17.276876709606348, 49.591884504198305 ], [ 17.277008509606453, 49.591855404198199 ], [ 17.277082909606506, 49.591834104198178 ], [ 17.277134209606533, 49.591816704198159 ], [ 17.277192509606589, 49.591791304198132 ], [ 17.27724350960661, 49.591762604198138 ], [ 17.277289409606656, 49.591724104198121 ], [ 17.27731160960667, 49.591698504198064 ], [ 17.277344109606691, 49.591658304198084 ], [ 17.277371309606711, 49.591619304197962 ], [ 17.277391009606731, 49.591590704198019 ], [ 17.277404409606742, 49.591568504197944 ], [ 17.277416309606746, 49.591546404197913 ], [ 17.277422209606755, 49.591538704197937 ], [ 17.277427609606768, 49.591533504197905 ], [ 17.277434709606762, 49.591529004197881 ], [ 17.277443609606774, 49.591525504197975 ], [ 17.277452109606791, 49.591524404197898 ], [ 17.277464309606785, 49.59152410419793 ], [ 17.277478209606802, 49.591525304197923 ], [ 17.277495609606806, 49.59152920419794 ] ] } },
{ "type": "Feature", "properties": { "legend": "cyklostezka" }, "geometry": { "type": "LineString", "coordinates": [ [ 17.255619909591648, 49.588577804200135 ], [ 17.255638609591664, 49.588549404200123 ], [ 17.255683809591709, 49.588487304200051 ], [ 17.255696009591698, 49.588465104200019 ], [ 17.255705209591728, 49.588440604199981 ], [ 17.255706609591716, 49.588426904200006 ], [ 17.255707409591739, 49.588404204199989 ], [ 17.255703409591728, 49.588361904199949 ], [ 17.255699909591726, 49.588337904199939 ] ] } },
{ "type": "Feature", "properties": { "legend": "cyklostezka" }, "geometry": { "type": "LineString", "coordinates": [ [ 17.256574909591908, 49.594395004204038 ], [ 17.256333309591746, 49.594386804204056 ], [ 17.256213509591657, 49.594379204204067 ], [ 17.256158809591621, 49.594373104204124 ], [ 17.25612590959161, 49.594367404204078 ], [ 17.256081309591565, 49.594355004204168 ], [ 17.256059109591558, 49.594345404204084 ], [ 17.256010209591533, 49.594319604204031 ], [ 17.2559651095915, 49.594293804204014 ], [ 17.255923109591464, 49.594266704204045 ], [ 17.255888209591451, 49.594231304203994 ], [ 17.255863109591441, 49.59419360420398 ], [ 17.255836109591421, 49.594086504203879 ], [ 17.255793509591392, 49.593976904203934 ], [ 17.255823909591438, 49.5938304042037 ], [ 17.255840109591446, 49.593789704203715 ], [ 17.255929309591512, 49.593604804203544 ] ] } },
{ "type": "Feature", "properties": { "legend": "cyklostezka" }, "geometry": { "type": "LineString", "coordinates": [ [ 17.230966909574661, 49.583030704201015 ], [ 17.230791209574544, 49.583110704201118 ] ] } },
{ "type": "Feature", "properties": { "legend": "cyklostezka" }, "geometry": { "type": "LineString", "coordinates": [ [ 17.257638809593043, 49.588928804200016 ], [ 17.257450009592912, 49.58889210419995 ], [ 17.257283909592811, 49.58886250420003 ], [ 17.257200509592746, 49.58885190420002 ] ] } },
{ "type": "Feature", "properties": { "legend": "cyklostezka" }, "geometry": { "type": "LineString", "coordinates": [ [ 17.238043909579336, 49.587864104203014 ], [ 17.238286109579491, 49.587914404203069 ], [ 17.238516109579646, 49.587962304202996 ], [ 17.238657809579749, 49.587991704203041 ], [ 17.238753409579815, 49.588011604202997 ], [ 17.238840709579875, 49.58802950420305 ], [ 17.238981109579971, 49.588056904203 ], [ 17.239063909580036, 49.58807310420304 ], [ 17.239176309580095, 49.588095004202955 ], [ 17.239244709580159, 49.588109304202987 ], [ 17.239289509580182, 49.58812000420302 ], [ 17.239311809580201, 49.588127704202989 ], [ 17.239328309580216, 49.588137004202977 ], [ 17.239356409580228, 49.588157904202959 ], [ 17.239425909580273, 49.58822800420301 ], [ 17.23943500958028, 49.588244904203044 ] ] } },
{ "type": "Feature", "properties": { "legend": "cyklostezka" }, "geometry": { "type": "LineString", "coordinates": [ [ 17.255311109591496, 49.587661804199534 ], [ 17.255274409591468, 49.587622704199447 ], [ 17.255240709591455, 49.587595604199478 ] ] } },
{ "type": "Feature", "properties": { "legend": "cyklostezka" }, "geometry": { "type": "LineString", "coordinates": [ [ 17.255699909591726, 49.588337904199939 ], [ 17.255701709591719, 49.588314604199937 ], [ 17.255679009591709, 49.588252504199865 ], [ 17.255649309591693, 49.588188204199874 ], [ 17.255619809591682, 49.588128204199791 ], [ 17.255597709591662, 49.588095704199809 ], [ 17.255564009591648, 49.588042904199739 ], [ 17.255534909591631, 49.587993804199733 ], [ 17.255473609591593, 49.587899904199624 ], [ 17.25533480959152, 49.587697204199607 ], [ 17.255311109591496, 49.587661804199534 ] ] } },
{ "type": "Feature", "properties": { "legend": "cyklostezka" }, "geometry": { "type": "LineString", "coordinates": [ [ 17.26928500960107, 49.591339004199412 ], [ 17.26939670960115, 49.59113760419924 ], [ 17.269455909601199, 49.591038804199172 ], [ 17.269493009601234, 49.590977004199118 ], [ 17.269561109601291, 49.590854704198961 ], [ 17.269621009601355, 49.59075220419885 ], [ 17.269638109601356, 49.590722904198884 ], [ 17.269643709601354, 49.590711004198887 ], [ 17.269644009601347, 49.590699004198925 ], [ 17.269639609601349, 49.590683204198832 ] ] } },
{ "type": "Feature", "properties": { "legend": "cyklostezka" }, "geometry": { "type": "LineString", "coordinates": [ [ 17.268740609600229, 49.597826104204067 ], [ 17.268437009600017, 49.597745304204004 ] ] } },
{ "type": "Feature", "properties": { "legend": "cyklostezka" }, "geometry": { "type": "LineString", "coordinates": [ [ 17.257200509592746, 49.58885190420002 ], [ 17.257088209592663, 49.588842904200028 ], [ 17.257013209592611, 49.588837704200074 ] ] } },
{ "type": "Feature", "properties": { "legend": "cyklostezka" }, "geometry": { "type": "LineString", "coordinates": [ [ 17.255677609591672, 49.588799204200249 ], [ 17.255672209591658, 49.58878130420031 ], [ 17.25565380959166, 49.588720404200195 ], [ 17.25564470959166, 49.588690304200192 ], [ 17.255634009591663, 49.588654904200141 ], [ 17.255624509591645, 49.588623304200162 ], [ 17.255619109591649, 49.588605404200159 ] ] } },
{ "type": "Feature", "properties": { "legend": "cyklostezka" }, "geometry": { "type": "LineString", "coordinates": [ [ 17.254966109594406, 49.541276004167024 ], [ 17.254595209594122, 49.541556104167356 ], [ 17.254115709593776, 49.541909404167612 ], [ 17.254013009593692, 49.541974504167676 ], [ 17.253876709593591, 49.542056904167708 ], [ 17.253753709593497, 49.54214920416787 ], [ 17.253501709593316, 49.542333304167983 ], [ 17.253287709593142, 49.542478004168196 ], [ 17.253197409593074, 49.542537304168285 ], [ 17.253050309592968, 49.542642104168365 ], [ 17.252898909592851, 49.542759604168467 ], [ 17.252658309592668, 49.542944604168632 ], [ 17.252482509592546, 49.543072604168714 ], [ 17.252306509592398, 49.543220104168959 ], [ 17.252120709592258, 49.543374904169035 ], [ 17.251869209592069, 49.54359810416922 ], [ 17.251692909591934, 49.543756704169404 ], [ 17.251541309591829, 49.543893904169579 ], [ 17.251340509591664, 49.54405850416974 ], [ 17.251073109591466, 49.544277104169836 ], [ 17.250959209591382, 49.54438620416996 ], [ 17.250847809591292, 49.544516704170114 ], [ 17.250725609591203, 49.544682704170221 ], [ 17.250708209591181, 49.544723404170256 ], [ 17.250698309591183, 49.54476690417026 ], [ 17.250672909591149, 49.54484230417038 ], [ 17.25058530959106, 49.545161604170637 ], [ 17.250547809591023, 49.545295604170725 ], [ 17.250522609590995, 49.545398204170745 ], [ 17.250517509591003, 49.54549690417079 ], [ 17.250518809590986, 49.545571804170898 ], [ 17.250535909591001, 49.545674704170921 ], [ 17.250524209590985, 49.54571580417101 ], [ 17.250501409590967, 49.545747104171063 ], [ 17.250400609590876, 49.545815204171198 ] ] } },
{ "type": "Feature", "properties": { "legend": "cyklostezka" }, "geometry": { "type": "LineString", "coordinates": [ [ 17.255715909590918, 49.600210304208197 ], [ 17.255728109590923, 49.600232104208203 ], [ 17.255738809590927, 49.600255704208209 ], [ 17.255752509590934, 49.600275604208242 ], [ 17.255765709590939, 49.600288104208303 ], [ 17.256687409591542, 49.601049104208627 ], [ 17.256718509591565, 49.601074704208642 ] ] } },
{ "type": "Feature", "properties": { "legend": "cyklostezka" }, "geometry": { "type": "LineString", "coordinates": [ [ 17.246920209584939, 49.597106104207761 ], [ 17.246885009584915, 49.597102404207789 ], [ 17.246758609584823, 49.597105004207769 ], [ 17.246648209584752, 49.597087504207778 ], [ 17.246466309584626, 49.597059204207824 ], [ 17.246193109584432, 49.597014104207901 ], [ 17.246181909584426, 49.597012604207848 ], [ 17.246144009584395, 49.597006704207864 ], [ 17.246085609584355, 49.596996904207863 ], [ 17.245857609584192, 49.596958604207934 ], [ 17.245596309584027, 49.596917604207938 ], [ 17.245514009583957, 49.596910304207931 ], [ 17.245419409583903, 49.596901504207928 ], [ 17.244763109583449, 49.596794104207994 ], [ 17.244250709583081, 49.596725404208065 ], [ 17.244159909583018, 49.596706304208055 ], [ 17.244103509582988, 49.596661804207997 ], [ 17.244054809582945, 49.596638904208014 ] ] } },
{ "type": "Feature", "properties": { "legend": "cyklostezka" }, "geometry": { "type": "LineString", "coordinates": [ [ 17.298375409619702, 49.616396404211152 ], [ 17.298583009619829, 49.616425104211238 ], [ 17.298797009619982, 49.616459204211175 ], [ 17.299253809620286, 49.616532004211123 ], [ 17.299828809620688, 49.616623004211043 ], [ 17.299924009620764, 49.61663810421107 ], [ 17.300886709621437, 49.616804404210981 ], [ 17.301391709621775, 49.616881604210938 ], [ 17.30174590962201, 49.616936304210945 ], [ 17.302207609622343, 49.617007504210832 ], [ 17.302520409622542, 49.617080304210909 ], [ 17.302841109622776, 49.617166304210848 ], [ 17.303258209623049, 49.617287604210851 ], [ 17.30366620962333, 49.617429604210876 ], [ 17.30448460962387, 49.617711604210882 ], [ 17.305175909624342, 49.617945704210968 ], [ 17.305904209624835, 49.618205704210972 ], [ 17.306186009625012, 49.618319104211025 ], [ 17.306381309625152, 49.618393004210979 ], [ 17.306707909625374, 49.618516004211045 ], [ 17.30693600962552, 49.618622504211103 ], [ 17.307352909625809, 49.618842604211153 ], [ 17.307964109626209, 49.619180804211297 ], [ 17.308436709626509, 49.619437804211387 ], [ 17.308530409626581, 49.619487504211364 ], [ 17.308862009626807, 49.619666704211411 ], [ 17.309062309626931, 49.619780704211472 ], [ 17.309306809627081, 49.619913304211479 ], [ 17.309886909627476, 49.620233304211624 ] ] } },
{ "type": "Feature", "properties": { "legend": "cyklostezka" }, "geometry": { "type": "LineString", "coordinates": [ [ 17.309886909627476, 49.620233304211624 ], [ 17.310591809627944, 49.620614704211725 ], [ 17.311090209628269, 49.620887104211839 ], [ 17.312135209628956, 49.621458404212042 ], [ 17.3126313096293, 49.621737904212104 ], [ 17.31318120962964, 49.622036504212247 ], [ 17.313507109629857, 49.622212904212297 ], [ 17.313612209629941, 49.622262604212303 ], [ 17.313694509629979, 49.622295304212294 ], [ 17.313759509630021, 49.622317504212347 ], [ 17.313867709630102, 49.622346804212299 ], [ 17.313958209630158, 49.622367704212309 ], [ 17.314066309630245, 49.622385904212308 ], [ 17.314205009630339, 49.622403704212253 ], [ 17.314761709630723, 49.622452104212201 ], [ 17.315745909631396, 49.622548404212132 ], [ 17.315852909631467, 49.622561004212073 ], [ 17.316336509631807, 49.622604904212039 ], [ 17.316677509632044, 49.622637404211964 ], [ 17.316877709632188, 49.622660304211927 ], [ 17.317058509632307, 49.622683204211867 ], [ 17.317214309632419, 49.622707704211898 ], [ 17.317350109632507, 49.622735904211901 ], [ 17.317499509632594, 49.622769204211934 ], [ 17.317635609632706, 49.622805404211839 ], [ 17.319002509633631, 49.623241104211914 ], [ 17.320743809634806, 49.62379420421194 ], [ 17.321383409635239, 49.62399640421193 ], [ 17.321992709635648, 49.624188804211983 ], [ 17.322549009636024, 49.624367404211938 ], [ 17.322902209636254, 49.624487004212043 ], [ 17.323234609636476, 49.624604704212025 ], [ 17.32353780963669, 49.624705004212025 ], [ 17.323899809636934, 49.624817504212068 ], [ 17.324128609637082, 49.624882204212106 ] ] } },
{ "type": "Feature", "properties": { "legend": "cyklostezka" }, "geometry": { "type": "LineString", "coordinates": [ [ 17.243137709582914, 49.587784604202035 ], [ 17.243162209582948, 49.58780980420201 ], [ 17.24316640958294, 49.587824604202019 ], [ 17.243167509582939, 49.587838804202001 ], [ 17.243167609582926, 49.587851204202103 ], [ 17.243165409582929, 49.587865004202087 ], [ 17.243160809582928, 49.587876704202031 ], [ 17.243148009582928, 49.587899904202025 ], [ 17.24311830958289, 49.587951804202106 ], [ 17.243017409582816, 49.588124104202279 ], [ 17.242932609582738, 49.588274204202392 ], [ 17.242760609582593, 49.588568904202624 ], [ 17.242657809582525, 49.588746604202704 ], [ 17.242616209582483, 49.588733104202753 ], [ 17.242313609582272, 49.588657704202781 ], [ 17.240754609581213, 49.588285504202815 ], [ 17.240745509581192, 49.588283404202798 ], [ 17.240396509580961, 49.588201804202839 ], [ 17.240307509580898, 49.588180304202815 ], [ 17.240250609580858, 49.588162704202858 ], [ 17.240220309580838, 49.588149204202793 ], [ 17.240196409580815, 49.588131904202854 ], [ 17.240164309580798, 49.588108004202766 ], [ 17.240131809580785, 49.588080504202722 ] ] } },
{ "type": "Feature", "properties": { "legend": "cyklostezka" }, "geometry": { "type": "LineString", "coordinates": [ [ 17.265594409598805, 49.586415104196639 ], [ 17.26591190959903, 49.586414004196577 ], [ 17.266209809599239, 49.586432104196568 ], [ 17.266329609599321, 49.586449404196529 ], [ 17.266565609599493, 49.586483604196467 ], [ 17.266773109599633, 49.5865187041965 ], [ 17.267304109600001, 49.586608604196421 ], [ 17.267758109600312, 49.586701604196442 ] ] } },
{ "type": "Feature", "properties": { "legend": "cyklostezka" }, "geometry": { "type": "LineString", "coordinates": [ [ 17.264676109598181, 49.586118904196638 ], [ 17.265078309598472, 49.586019404196492 ], [ 17.265205409598565, 49.586002404196421 ], [ 17.265270709598607, 49.586005004196409 ], [ 17.265317309598643, 49.586019804196468 ], [ 17.265363809598686, 49.586046504196361 ], [ 17.26538460959868, 49.586073104196466 ], [ 17.265405909598705, 49.586115504196499 ], [ 17.265403909598707, 49.586160204196482 ], [ 17.265393809598688, 49.586191504196535 ], [ 17.265367409598653, 49.586222904196497 ], [ 17.265338309598643, 49.586243404196601 ] ] } },
{ "type": "Feature", "properties": { "legend": "cyklostezka" }, "geometry": { "type": "LineString", "coordinates": [ [ 17.257013209592611, 49.588837704200074 ], [ 17.256972809592593, 49.58883700420008 ], [ 17.256924509592544, 49.58883780420004 ], [ 17.256883309592514, 49.588839204200077 ], [ 17.256858509592501, 49.588840104200024 ], [ 17.256828509592477, 49.588839604200103 ], [ 17.256775509592444, 49.588834704200117 ], [ 17.256736009592405, 49.58882870420009 ], [ 17.256688509592387, 49.588819804200078 ], [ 17.256654709592365, 49.588813404200025 ], [ 17.256619809592344, 49.588809704200102 ], [ 17.25657400959231, 49.58880670420006 ], [ 17.25650380959226, 49.588803704200096 ], [ 17.256430509592214, 49.58880170420008 ], [ 17.256362709592153, 49.588799704200134 ], [ 17.256309009592112, 49.588799204200171 ], [ 17.256197109592044, 49.588800604200173 ], [ 17.256079609591968, 49.588803604200194 ], [ 17.255989309591889, 49.588807704200249 ], [ 17.255905109591833, 49.588813504200196 ], [ 17.255839109591797, 49.588819404200187 ], [ 17.255748609591716, 49.58882670420023 ], [ 17.255727709591707, 49.588830004200261 ], [ 17.255705209591703, 49.588835104200278 ], [ 17.255688309591672, 49.588842204200311 ] ] } },
{ "type": "Feature", "properties": { "legend": "cyklostezka" }, "geometry": { "type": "LineString", "coordinates": [ [ 17.26402090959748, 49.589630304199282 ], [ 17.263932509597446, 49.589344004198978 ], [ 17.263892809597433, 49.589191804198904 ], [ 17.263868909597427, 49.589052104198835 ], [ 17.263855709597419, 49.588940104198699 ] ] } },
{ "type": "Feature", "properties": { "legend": "cyklostezka" }, "geometry": { "type": "LineString", "coordinates": [ [ 17.260451609594966, 49.589822404200014 ], [ 17.260448609594963, 49.589780604199973 ], [ 17.26044470959496, 49.589634604199922 ], [ 17.260449509594981, 49.589569104199867 ], [ 17.260450809594985, 49.589551504199804 ], [ 17.260451909594966, 49.589538904199856 ], [ 17.26044970959498, 49.589522604199836 ] ] } },
{ "type": "Feature", "properties": { "legend": "cyklostezka" }, "geometry": { "type": "LineString", "coordinates": [ [ 17.264201609597581, 49.589991204199407 ], [ 17.264095809597531, 49.589792404199279 ], [ 17.264045609597503, 49.589689204199196 ], [ 17.26402090959748, 49.589630304199282 ] ] } },
{ "type": "Feature", "properties": { "legend": "cyklostezka" }, "geometry": { "type": "LineString", "coordinates": [ [ 17.240100509580731, 49.588504404203114 ], [ 17.240006009580679, 49.588398404202998 ], [ 17.239979609580654, 49.588362204202973 ] ] } },
{ "type": "Feature", "properties": { "legend": "cyklostezka" }, "geometry": { "type": "LineString", "coordinates": [ [ 17.254339309590694, 49.589521004200968 ], [ 17.254291309590645, 49.589586104201096 ] ] } },
{ "type": "Feature", "properties": { "legend": "cyklostezka" }, "geometry": { "type": "LineString", "coordinates": [ [ 17.257013209592611, 49.588837704200074 ], [ 17.257009209592603, 49.588861304200073 ], [ 17.257002509592599, 49.588876304200035 ], [ 17.256995209592596, 49.588896704200039 ], [ 17.256981409592591, 49.588918104200054 ] ] } },
{ "type": "Feature", "properties": { "legend": "cyklostezka" }, "geometry": { "type": "LineString", "coordinates": [ [ 17.242805509582237, 49.594223004206597 ], [ 17.242879809582291, 49.594280804206591 ], [ 17.243253709582543, 49.594395604206589 ], [ 17.243279609582565, 49.594404304206641 ], [ 17.243519909582723, 49.594487004206613 ] ] } },
{ "type": "Feature", "properties": { "legend": "cyklostezka" }, "geometry": { "type": "LineString", "coordinates": [ [ 17.265087109595992, 49.621574904221347 ], [ 17.264830109595817, 49.621525304221315 ] ] } },
{ "type": "Feature", "properties": { "legend": "cyklostezka" }, "geometry": { "type": "LineString", "coordinates": [ [ 17.264830109595817, 49.621525304221315 ], [ 17.26478340959579, 49.621514704221383 ], [ 17.264744309595766, 49.621503004221317 ], [ 17.264707309595735, 49.621488404221374 ], [ 17.26467470959572, 49.621471604221334 ], [ 17.264649109595688, 49.621455804221377 ], [ 17.264623509595669, 49.621436304221348 ], [ 17.264595209595655, 49.621410904221349 ], [ 17.264409809595541, 49.62122300422125 ], [ 17.264075209595326, 49.620822804221056 ], [ 17.263940509595241, 49.62061280422099 ], [ 17.263248409594823, 49.61984930422048 ], [ 17.263095809594727, 49.619694304220452 ], [ 17.263012709594673, 49.619618904220388 ], [ 17.262878909594583, 49.619569804220355 ] ] } },
{ "type": "Feature", "properties": { "legend": "cyklostezka" }, "geometry": { "type": "LineString", "coordinates": [ [ 17.249953609587617, 49.589272404201687 ], [ 17.250046309587681, 49.589227404201708 ], [ 17.25010070958772, 49.589202504201658 ], [ 17.250179009587779, 49.589158304201575 ], [ 17.250248609587832, 49.589108404201575 ], [ 17.250319309587887, 49.589045904201512 ], [ 17.250445409587979, 49.588908004201365 ] ] } },
{ "type": "Feature", "properties": { "legend": "cyklostezka" }, "geometry": { "type": "LineString", "coordinates": [ [ 17.262317109593589, 49.628062304226496 ], [ 17.262231909593517, 49.628241504226551 ], [ 17.262072809593384, 49.628572804226842 ], [ 17.261819409593162, 49.629113204227238 ], [ 17.261350509592756, 49.630124604228051 ], [ 17.261324809592729, 49.630202504228066 ], [ 17.261321709592735, 49.630228504228093 ], [ 17.261317509592725, 49.630263404228138 ], [ 17.261323109592723, 49.630295204228162 ], [ 17.261345609592741, 49.630372704228158 ], [ 17.261402609592764, 49.630568104228317 ], [ 17.261464909592789, 49.630728004228466 ], [ 17.261513209592813, 49.630829604228495 ], [ 17.261681509592918, 49.631252604228735 ], [ 17.262183809593179, 49.632593604229569 ] ] } },
{ "type": "Feature", "properties": { "legend": "cyklostezka" }, "geometry": { "type": "LineString", "coordinates": [ [ 17.265710409596434, 49.621668804221294 ], [ 17.265706909596428, 49.621723304221348 ], [ 17.265699509596409, 49.621759504221302 ], [ 17.26569290959641, 49.621788204221353 ], [ 17.265681509596391, 49.6218171042214 ], [ 17.265659709596367, 49.621853204221409 ], [ 17.265642809596365, 49.621875504221471 ], [ 17.265610309596337, 49.621908204221526 ], [ 17.265580109596321, 49.621935604221534 ], [ 17.264895109595784, 49.622564204222037 ], [ 17.26482690959574, 49.622628604222086 ], [ 17.264793209595698, 49.622665804222216 ], [ 17.264763809595685, 49.622704804222209 ], [ 17.264740009595666, 49.622746204222231 ], [ 17.264702909595623, 49.622834904222316 ], [ 17.264628809595564, 49.623016004222457 ], [ 17.264498909595456, 49.623302104222667 ], [ 17.264426209595385, 49.623454204222867 ], [ 17.264324809595308, 49.623662004222957 ], [ 17.264286809595273, 49.623749504223049 ], [ 17.264258109595257, 49.623822104223024 ], [ 17.264233909595234, 49.62389360422312 ], [ 17.26421000959521, 49.623966304223174 ], [ 17.264184309595176, 49.624044804223288 ], [ 17.264156109595149, 49.62413590422333 ], [ 17.264098809595101, 49.624365604223456 ], [ 17.264043509595041, 49.624602504223695 ], [ 17.26402400959503, 49.624687104223739 ], [ 17.264005009595014, 49.624748604223768 ], [ 17.263979709594988, 49.624805304223763 ], [ 17.263953609594971, 49.624855304223829 ], [ 17.263924409594939, 49.624905704223877 ], [ 17.263886909594898, 49.624956604223975 ], [ 17.26381280959485, 49.625051104224042 ], [ 17.263748809594791, 49.625133804224134 ], [ 17.26370990959478, 49.625190704224153 ], [ 17.263672309594732, 49.625249204224161 ], [ 17.2635090095946, 49.625567104224459 ], [ 17.263221309594357, 49.626111604224917 ], [ 17.263031309594201, 49.626437804225191 ] ] } },
{ "type": "Feature", "properties": { "legend": "cyklostezka" }, "geometry": { "type": "LineString", "coordinates": [ [ 17.265896209598747, 49.590359104199365 ], [ 17.265878409598738, 49.590322004199372 ], [ 17.26571410959863, 49.590216804199301 ] ] } },
{ "type": "Feature", "properties": { "legend": "cyklostezka" }, "geometry": { "type": "LineString", "coordinates": [ [ 17.269930609601577, 49.590291804198557 ], [ 17.269898409601563, 49.590296304198482 ], [ 17.269863309601551, 49.590293704198537 ], [ 17.269848509601513, 49.590291304198551 ], [ 17.269785709601489, 49.59027660419855 ], [ 17.269496309601291, 49.590223804198544 ], [ 17.268644709600707, 49.590071404198667 ], [ 17.267644309600009, 49.589934004198717 ], [ 17.266590709599264, 49.589830004198895 ], [ 17.266515909599228, 49.589826104198849 ], [ 17.265198909598311, 49.58972680419911 ], [ 17.265023309598181, 49.589733404199059 ], [ 17.264903709598098, 49.589728404199136 ] ] } },
{ "type": "Feature", "properties": { "legend": "cyklostezka" }, "geometry": { "type": "LineString", "coordinates": [ [ 17.270238309601798, 49.590312104198503 ], [ 17.270122209601723, 49.590287604198487 ], [ 17.269991009601629, 49.59025490419846 ] ] } },
{ "type": "Feature", "properties": { "legend": "cyklostezka" }, "geometry": { "type": "LineString", "coordinates": [ [ 17.248171809587248, 49.576422404193039 ], [ 17.248161509587245, 49.576424704193066 ], [ 17.248137909587225, 49.576430104193037 ], [ 17.248130009587221, 49.57643330419306 ], [ 17.248122509587215, 49.576437804193077 ], [ 17.248118809587204, 49.576441204193081 ], [ 17.248115009587202, 49.576444804193066 ], [ 17.248112609587196, 49.576448804193042 ], [ 17.248111109587207, 49.576453904192988 ], [ 17.248110609587194, 49.576459604193047 ], [ 17.248111409587207, 49.57646480419303 ], [ 17.248113609587204, 49.576470304193059 ], [ 17.248115609587195, 49.576473404193074 ], [ 17.248118609587209, 49.576476504193081 ], [ 17.24813020958721, 49.576488004193109 ], [ 17.248151109587223, 49.576507304193115 ], [ 17.248175409587247, 49.576530504193123 ], [ 17.248203109587262, 49.576556204193125 ], [ 17.248219309587267, 49.576573104193145 ], [ 17.248229609587284, 49.576586004193096 ] ] } },
{ "type": "Feature", "properties": { "legend": "cyklostezka" }, "geometry": { "type": "LineString", "coordinates": [ [ 17.248893009587405, 49.581335404196345 ], [ 17.249011209587511, 49.581311604196287 ] ] } },
{ "type": "Feature", "properties": { "legend": "cyklostezka" }, "geometry": { "type": "LineString", "coordinates": [ [ 17.251329509588498, 49.590497804202329 ], [ 17.251353809588515, 49.590512204202227 ], [ 17.251391309588548, 49.590534404202295 ], [ 17.251423709588551, 49.590553604202341 ], [ 17.251460309588598, 49.590575204202267 ], [ 17.251484609588612, 49.590589604202286 ] ] } },
{ "type": "Feature", "properties": { "legend": "cyklostezka" }, "geometry": { "type": "LineString", "coordinates": [ [ 17.249301709587712, 49.581188304196196 ], [ 17.24928370958769, 49.581223904196214 ], [ 17.249276109587694, 49.581264304196189 ] ] } },
{ "type": "Feature", "properties": { "legend": "cyklostezka" }, "geometry": { "type": "LineString", "coordinates": [ [ 17.244325609583196, 49.595852104207381 ], [ 17.244313709583192, 49.595874004207438 ], [ 17.244303509583176, 49.59589280420748 ], [ 17.244190509583078, 49.596199504207668 ], [ 17.244073209582975, 49.596518104207945 ] ] } },
{ "type": "Feature", "properties": { "legend": "cyklostezka" }, "geometry": { "type": "LineString", "coordinates": [ [ 17.235344309577187, 49.591315304206006 ], [ 17.235290909577149, 49.591322904205974 ], [ 17.235142209577035, 49.591399804206056 ], [ 17.235038209576963, 49.591456604206101 ], [ 17.234965509576909, 49.591499504206162 ], [ 17.234861709576819, 49.591558404206275 ], [ 17.234836509576805, 49.591569804206252 ], [ 17.23480670957678, 49.591580504206277 ], [ 17.234778709576766, 49.591588204206268 ], [ 17.234751709576752, 49.591594504206292 ], [ 17.23471030957672, 49.591600104206286 ], [ 17.234674709576687, 49.591602404206355 ], [ 17.234640709576674, 49.591602204206296 ], [ 17.234617509576651, 49.591599804206282 ], [ 17.234593409576647, 49.59159690420627 ], [ 17.234565609576613, 49.591592404206331 ], [ 17.234523409576578, 49.591586704206392 ], [ 17.23450510957657, 49.591585704206345 ], [ 17.234486209576556, 49.591586804206351 ], [ 17.234467709576546, 49.59158890420634 ], [ 17.234447309576531, 49.591593804206298 ] ] } },
{ "type": "Feature", "properties": { "legend": "cyklostezka" }, "geometry": { "type": "LineString", "coordinates": [ [ 17.239425909580273, 49.58822800420301 ], [ 17.239379809580235, 49.588245004203067 ], [ 17.239387409580246, 49.588327804203068 ], [ 17.239271209580149, 49.588474404203239 ], [ 17.239086009579999, 49.588703404203422 ], [ 17.239033409579964, 49.588767104203477 ], [ 17.238824909579812, 49.58894710420364 ] ] } },
{ "type": "Feature", "properties": { "legend": "cyklostezka" }, "geometry": { "type": "LineString", "coordinates": [ [ 17.231888109574406, 49.596190504210071 ], [ 17.231815509574353, 49.596107504210082 ] ] } },
{ "type": "Feature", "properties": { "legend": "cyklostezka" }, "geometry": { "type": "LineString", "coordinates": [ [ 17.231815509574353, 49.596107504210082 ], [ 17.231989209574525, 49.595524804209546 ], [ 17.232001909574542, 49.595478804209534 ], [ 17.232031409574567, 49.595312204209435 ], [ 17.232054409574598, 49.595210604209363 ], [ 17.232092209574621, 49.595071504209272 ], [ 17.232200109574741, 49.594702704208977 ], [ 17.232310609574832, 49.59433330420871 ] ] } },
{ "type": "Feature", "properties": { "legend": "cyklostezka" }, "geometry": { "type": "LineString", "coordinates": [ [ 17.232538709575039, 49.593669604208202 ], [ 17.232550409575055, 49.593653904208203 ], [ 17.232594809575097, 49.593556104208126 ], [ 17.232664409575158, 49.593409704207886 ], [ 17.232770809575236, 49.593232904207866 ], [ 17.232801309575258, 49.593180104207754 ], [ 17.232819809575268, 49.593142704207786 ], [ 17.232829509575289, 49.593122404207712 ], [ 17.232840309575284, 49.593107304207699 ], [ 17.232966109575397, 49.59295680420761 ], [ 17.23313040957553, 49.592796304207425 ], [ 17.233313509575655, 49.592638704207339 ], [ 17.233448809575773, 49.592530204207165 ], [ 17.233522309575822, 49.592472704207154 ], [ 17.233722009575967, 49.592330704207043 ], [ 17.234089609576241, 49.592088804206789 ], [ 17.234297909576405, 49.591960904206658 ], [ 17.234310609576411, 49.59195020420664 ], [ 17.234320109576426, 49.591940204206644 ], [ 17.234325109576424, 49.591930404206629 ], [ 17.234326609576414, 49.591920004206621 ], [ 17.234326409576429, 49.591905904206605 ], [ 17.234319609576421, 49.591884704206628 ], [ 17.234315709576421, 49.591869504206578 ], [ 17.234312409576422, 49.591855604206522 ], [ 17.234310809576417, 49.591837804206556 ], [ 17.234313009576429, 49.591822304206538 ], [ 17.234326109576433, 49.591790304206462 ] ] } },
{ "type": "Feature", "properties": { "legend": "cyklostezka" }, "geometry": { "type": "LineString", "coordinates": [ [ 17.222630109566307, 49.618595304227547 ], [ 17.222738909566392, 49.618414104227391 ], [ 17.223032509566625, 49.617916504227047 ], [ 17.223247009566819, 49.617556104226658 ], [ 17.223359809566922, 49.617359904226504 ], [ 17.223423909566961, 49.617238204226474 ], [ 17.223480009567016, 49.617112704226294 ], [ 17.223525509567047, 49.61698020422628 ], [ 17.223574209567101, 49.616798804226121 ] ] } },
{ "type": "Feature", "properties": { "legend": "cyklostezka" }, "geometry": { "type": "LineString", "coordinates": [ [ 17.256498109592776, 49.581285404194837 ], [ 17.256572509592818, 49.581406804194899 ], [ 17.256592009592829, 49.581464404194925 ] ] } },
{ "type": "Feature", "properties": { "legend": "cyklostezka" }, "geometry": { "type": "LineString", "coordinates": [ [ 17.251494009589283, 49.580892304195551 ], [ 17.252140509589729, 49.580829604195351 ], [ 17.252893509590269, 49.580784204195183 ], [ 17.254026609591058, 49.580757904194982 ], [ 17.254920109591691, 49.580776404194822 ] ] } },
{ "type": "Feature", "properties": { "legend": "cyklostezka" }, "geometry": { "type": "LineString", "coordinates": [ [ 17.261869909596044, 49.588668904198911 ], [ 17.261819709596008, 49.588686204198986 ], [ 17.261735309595931, 49.588711904199066 ], [ 17.261695709595912, 49.588725104199042 ], [ 17.261666209595887, 49.588736104199022 ], [ 17.261643609595868, 49.588747304199075 ], [ 17.261614109595847, 49.588764104199079 ], [ 17.261531209595784, 49.588815504199161 ], [ 17.261413909595706, 49.588893104199215 ], [ 17.261358909595664, 49.588936404199224 ], [ 17.26129520959562, 49.588988304199333 ], [ 17.261237909595565, 49.589040504199332 ], [ 17.261192609595533, 49.589085004199369 ], [ 17.261162109595514, 49.589117904199405 ], [ 17.261127909595483, 49.589157204199466 ], [ 17.261110509595458, 49.589182604199479 ], [ 17.261098109595451, 49.589202404199519 ], [ 17.261088309595447, 49.58922130419954 ], [ 17.261073509595434, 49.589251304199507 ], [ 17.261065909595423, 49.589266304199555 ], [ 17.261060209595431, 49.589276104199563 ], [ 17.261048109595428, 49.589290904199537 ], [ 17.261023009595409, 49.589317604199579 ], [ 17.2610183095954, 49.589323304199539 ], [ 17.261012409595395, 49.589332304199637 ] ] } },
{ "type": "Feature", "properties": { "legend": "cyklostezka" }, "geometry": { "type": "LineString", "coordinates": [ [ 17.265338309598643, 49.586243404196601 ], [ 17.265378609598667, 49.586278504196613 ], [ 17.2654392095987, 49.586331104196631 ], [ 17.26548580959874, 49.586369504196625 ], [ 17.265539409598784, 49.586405004196621 ], [ 17.265563409598787, 49.58641160419667 ], [ 17.265594409598805, 49.586415104196639 ] ] } },
{ "type": "Feature", "properties": { "legend": "cyklostezka" }, "geometry": { "type": "LineString", "coordinates": [ [ 17.264510509598011, 49.586950504197247 ], [ 17.264377909597911, 49.587035604197339 ], [ 17.263455909597223, 49.587653704197905 ] ] } },
{ "type": "Feature", "properties": { "legend": "cyklostezka" }, "geometry": { "type": "LineString", "coordinates": [ [ 17.265896209598747, 49.590359104199365 ], [ 17.265791009598679, 49.59030760419936 ], [ 17.265705209598625, 49.590262004199381 ], [ 17.265666409598591, 49.590245204199377 ], [ 17.265630009598567, 49.590232004199343 ], [ 17.265589609598536, 49.590221304199346 ], [ 17.26548420959848, 49.590203204199284 ], [ 17.265165509598251, 49.590144804199333 ], [ 17.265112109598206, 49.590132704199348 ] ] } },
{ "type": "Feature", "properties": { "legend": "cyklostezka" }, "geometry": { "type": "LineString", "coordinates": [ [ 17.226199909569338, 49.611431204221851 ], [ 17.226232809569353, 49.611401704221812 ], [ 17.226263709569391, 49.611373604221825 ], [ 17.226307609569425, 49.611331504221759 ], [ 17.226340809569436, 49.611292304221713 ], [ 17.226396509569486, 49.611202404221679 ], [ 17.226505009569589, 49.611026504221449 ], [ 17.226674009569713, 49.610771304221288 ], [ 17.226839709569841, 49.610538904221109 ], [ 17.227075209570042, 49.610215604220812 ], [ 17.227230309570164, 49.610003204220632 ], [ 17.22746940957034, 49.609700204220445 ], [ 17.227616609570461, 49.609509904220253 ], [ 17.227768809570581, 49.609323004220059 ], [ 17.227825609570644, 49.609247104219989 ] ] } },
{ "type": "Feature", "properties": { "legend": "cyklostezka" }, "geometry": { "type": "LineString", "coordinates": [ [ 17.273572609603768, 49.595762904201585 ], [ 17.2734795096037, 49.595762404201658 ], [ 17.27335110960361, 49.595748404201686 ], [ 17.273244909603534, 49.595725904201672 ], [ 17.273061109603404, 49.595681804201746 ], [ 17.272949109603342, 49.59564110420164 ], [ 17.272843709603261, 49.595595104201692 ], [ 17.272723109603188, 49.595539004201655 ], [ 17.272614109603108, 49.595469804201628 ], [ 17.272435809602996, 49.595328404201602 ], [ 17.272440409603011, 49.595259604201516 ] ] } },
{ "type": "Feature", "properties": { "legend": "cyklostezka" }, "geometry": { "type": "LineString", "coordinates": [ [ 17.300570909622717, 49.595348904196065 ], [ 17.300554209622696, 49.595337004196026 ], [ 17.300534909622687, 49.595334504196082 ], [ 17.300515409622676, 49.59533520419609 ], [ 17.300498409622669, 49.595338304196019 ], [ 17.300477909622654, 49.595344704196059 ], [ 17.300455309622627, 49.595362204196086 ], [ 17.300440709622627, 49.595378804196088 ], [ 17.300430209622601, 49.595401104196135 ], [ 17.300432309622622, 49.595427704196119 ], [ 17.300438509622623, 49.595452504196118 ], [ 17.300475709622631, 49.595545004196197 ], [ 17.300475709622628, 49.595628104196329 ], [ 17.300443709622609, 49.595702604196283 ], [ 17.30033670962252, 49.595782104196402 ], [ 17.300199909622421, 49.59585840419647 ], [ 17.300002609622265, 49.59596380419665 ], [ 17.299804709622141, 49.596048304196671 ], [ 17.29918460962168, 49.596272804196957 ], [ 17.299061909621589, 49.596332604197059 ], [ 17.299014609621548, 49.596372904197132 ], [ 17.298904309621459, 49.596479004197199 ], [ 17.298877709621454, 49.596511304197207 ], [ 17.298613509621248, 49.596651904197358 ], [ 17.29816350962092, 49.596951104197657 ], [ 17.297928909620737, 49.597090304197806 ], [ 17.297655009620545, 49.59720600419795 ], [ 17.297207409620228, 49.597344904198103 ], [ 17.296992309620073, 49.597411704198251 ], [ 17.296494909619707, 49.597488304198357 ], [ 17.296371909619626, 49.597504504198398 ], [ 17.296268809619551, 49.597511104198404 ], [ 17.29599400961936, 49.597515504198498 ], [ 17.295893709619289, 49.597522404198472 ] ] } },
{ "type": "Feature", "properties": { "legend": "cyklostezka" }, "geometry": { "type": "LineString", "coordinates": [ [ 17.276881109606098, 49.595526404200861 ], [ 17.277378309606444, 49.595518704200749 ] ] } },
{ "type": "Feature", "properties": { "legend": "cyklostezka" }, "geometry": { "type": "LineString", "coordinates": [ [ 17.277378309606444, 49.595518704200749 ], [ 17.27750030960653, 49.59550070420071 ], [ 17.278079409606956, 49.595413604200509 ], [ 17.278134209606996, 49.595407504200544 ], [ 17.278171609607018, 49.595406104200478 ] ] } },
{ "type": "Feature", "properties": { "legend": "cyklostezka" }, "geometry": { "type": "LineString", "coordinates": [ [ 17.266258109598784, 49.593687004201584 ], [ 17.266286409598795, 49.593669904201604 ], [ 17.266514709598951, 49.593544704201513 ], [ 17.266639109599062, 49.593476504201348 ], [ 17.266709509599114, 49.593440404201296 ], [ 17.266745409599146, 49.593422004201322 ], [ 17.266906609599243, 49.593346104201224 ] ] } },
{ "type": "Feature", "properties": { "legend": "cyklostezka" }, "geometry": { "type": "LineString", "coordinates": [ [ 17.276478509605873, 49.594654904200347 ], [ 17.276256509605691, 49.595146904200675 ], [ 17.276121809605588, 49.595430804200866 ] ] } },
{ "type": "Feature", "properties": { "legend": "cyklostezka" }, "geometry": { "type": "LineString", "coordinates": [ [ 17.2481319095873, 49.575244404192226 ], [ 17.2480863095873, 49.574841804191955 ], [ 17.248048009587297, 49.574520004191776 ], [ 17.248013309587275, 49.574381904191647 ], [ 17.247936209587259, 49.573723204191197 ] ] } },
{ "type": "Feature", "properties": { "legend": "cyklostezka" }, "geometry": { "type": "LineString", "coordinates": [ [ 17.276121809605588, 49.595430804200866 ], [ 17.276206209605625, 49.595464104200929 ], [ 17.276357809605731, 49.595494104200924 ], [ 17.276472709605809, 49.59551490420089 ], [ 17.276583509605899, 49.595525504200886 ], [ 17.276685209605969, 49.595529304200895 ], [ 17.276881109606098, 49.595526404200861 ] ] } },
{ "type": "Feature", "properties": { "legend": "cyklostezka" }, "geometry": { "type": "LineString", "coordinates": [ [ 17.265710409596434, 49.621668804221294 ], [ 17.265667209596387, 49.621673504221306 ], [ 17.265622009596367, 49.621673904221296 ], [ 17.26557450959633, 49.621669104221361 ], [ 17.265087109595992, 49.621574904221347 ] ] } },
{ "type": "Feature", "properties": { "legend": "cyklostezka" }, "geometry": { "type": "LineString", "coordinates": [ [ 17.261302209594497, 49.605038104210536 ], [ 17.260982109594263, 49.605153304210688 ] ] } },
{ "type": "Feature", "properties": { "legend": "cyklostezka" }, "geometry": { "type": "LineString", "coordinates": [ [ 17.267510009599704, 49.592975004200881 ], [ 17.267544609599714, 49.593093604200988 ], [ 17.267568209599723, 49.593301404201142 ], [ 17.267573409599731, 49.593430904201171 ], [ 17.26757190959972, 49.593479704201251 ], [ 17.267569509599703, 49.593556304201265 ], [ 17.267548309599686, 49.593695904201347 ], [ 17.267523409599651, 49.59380600420144 ], [ 17.267491409599618, 49.593931604201579 ], [ 17.267468309599604, 49.594058404201704 ], [ 17.267447909599575, 49.594204104201715 ], [ 17.267439609599563, 49.594377304201814 ], [ 17.267452209599568, 49.594442204201854 ] ] } },
{ "type": "Feature", "properties": { "legend": "cyklostezka" }, "geometry": { "type": "LineString", "coordinates": [ [ 17.263717509597022, 49.593216804201781 ], [ 17.263774809597066, 49.59319510420174 ], [ 17.264353709597476, 49.592975804201437 ], [ 17.265223709598111, 49.592649504201098 ] ] } },
{ "type": "Feature", "properties": { "legend": "cyklostezka" }, "geometry": { "type": "LineString", "coordinates": [ [ 17.262135709596041, 49.591440604200905 ], [ 17.262091909596027, 49.5913897042008 ], [ 17.261938509595918, 49.591216104200718 ], [ 17.26188030959587, 49.591149704200724 ], [ 17.26186630959586, 49.591134704200684 ], [ 17.261816909595829, 49.591081604200681 ], [ 17.261756009595786, 49.591013004200605 ], [ 17.261655909595738, 49.590900304200538 ], [ 17.261508109595638, 49.590737404200489 ], [ 17.261491009595623, 49.59071560420044 ], [ 17.26146370959561, 49.590681904200437 ], [ 17.261441809595606, 49.590652004200393 ], [ 17.261416909595582, 49.590618404200427 ], [ 17.261383809595575, 49.590578204200362 ], [ 17.261257709595483, 49.590438504200314 ] ] } },
{ "type": "Feature", "properties": { "legend": "cyklostezka" }, "geometry": { "type": "LineString", "coordinates": [ [ 17.248167209587436, 49.573629704191099 ], [ 17.248156209587428, 49.57358840419105 ], [ 17.248145909587432, 49.573558504191027 ], [ 17.248139109587413, 49.573522904191051 ], [ 17.248117809587416, 49.573337704190884 ], [ 17.248096309587439, 49.573150704190752 ], [ 17.248092809587408, 49.573119504190743 ], [ 17.248058709587422, 49.572818704190553 ], [ 17.248055609587414, 49.572791704190571 ], [ 17.248048009587411, 49.572728504190493 ], [ 17.248038709587416, 49.572652004190374 ], [ 17.248024909587414, 49.572532704190323 ], [ 17.248016409587422, 49.572453004190308 ], [ 17.24800110958741, 49.572310704190194 ], [ 17.247983309587397, 49.572143904190064 ], [ 17.247930809587402, 49.571700604189786 ], [ 17.247899409587408, 49.571427104189503 ], [ 17.247852509587389, 49.571008304189327 ], [ 17.247835009587391, 49.570864204189235 ], [ 17.247828509587386, 49.570839804189148 ], [ 17.24782280958738, 49.570785304189158 ], [ 17.247811609587377, 49.570736104189059 ], [ 17.247805709587382, 49.570689504189076 ], [ 17.247792909587385, 49.570571304188981 ], [ 17.247775709587373, 49.57044000418891 ], [ 17.247778009587368, 49.57042190418894 ], [ 17.247781909587378, 49.570408404188861 ], [ 17.247787909587394, 49.570398704188854 ] ] } },
{ "type": "Feature", "properties": { "legend": "cyklostezka" }, "geometry": { "type": "LineString", "coordinates": [ [ 17.293249109616241, 49.614587004210932 ], [ 17.293500809616408, 49.61470990421099 ], [ 17.293876409616654, 49.614858304211054 ], [ 17.29396570961671, 49.614902004211046 ], [ 17.294015209616745, 49.614930304211029 ], [ 17.294072709616781, 49.614965704211116 ], [ 17.294146709616829, 49.615019104211072 ], [ 17.294210309616883, 49.615058304211047 ], [ 17.2942510096169, 49.615075504211156 ], [ 17.294288709616929, 49.615087904211123 ], [ 17.294346509616968, 49.615098304211145 ], [ 17.294468809617054, 49.615114004211051 ], [ 17.294517609617085, 49.615120604211079 ], [ 17.294573409617133, 49.615131104211088 ], [ 17.294716909617222, 49.615180004211076 ], [ 17.294825409617292, 49.61521690421106 ], [ 17.295045309617446, 49.615296604211075 ], [ 17.295340909617643, 49.615409404211071 ], [ 17.295544109617776, 49.615492004211127 ] ] } },
{ "type": "Feature", "properties": { "legend": "cyklostezka" }, "geometry": { "type": "LineString", "coordinates": [ [ 17.287642509612528, 49.611455904209855 ], [ 17.287603309612493, 49.611471504209874 ], [ 17.287566809612471, 49.611478404209883 ], [ 17.287528309612455, 49.611482304209908 ], [ 17.287476809612404, 49.611483204209918 ], [ 17.287423409612384, 49.611483804209882 ], [ 17.287379509612339, 49.611481004209928 ], [ 17.28733830961232, 49.611477104209897 ], [ 17.287307009612299, 49.611469504209943 ], [ 17.287281809612278, 49.611459204209865 ], [ 17.28726080961226, 49.61144770420993 ], [ 17.287204809612234, 49.611403004209862 ] ] } },
{ "type": "Feature", "properties": { "legend": "cyklostezka" }, "geometry": { "type": "LineString", "coordinates": [ [ 17.292506809615752, 49.614126304210757 ], [ 17.292764209615918, 49.614269404210859 ], [ 17.293107009616136, 49.614452604210889 ], [ 17.293112009616159, 49.61445750421084 ], [ 17.293187409616191, 49.614531204210891 ], [ 17.293249109616241, 49.614587004210932 ] ] } },
{ "type": "Feature", "properties": { "legend": "cyklostezka" }, "geometry": { "type": "LineString", "coordinates": [ [ 17.29714450961886, 49.616160804211283 ], [ 17.297597809619162, 49.616269804211278 ], [ 17.297886509619357, 49.616316104211201 ], [ 17.298129009619519, 49.616351004211225 ], [ 17.298375409619702, 49.616396404211152 ] ] } },
{ "type": "Feature", "properties": { "legend": "cyklostezka" }, "geometry": { "type": "LineString", "coordinates": [ [ 17.245493009580894, 49.640056504238089 ], [ 17.245587109580967, 49.639942604237959 ] ] } },
{ "type": "Feature", "properties": { "legend": "cyklostezka" }, "geometry": { "type": "LineString", "coordinates": [ [ 17.244026209579822, 49.640546804238703 ], [ 17.245342309580778, 49.640134504238198 ], [ 17.245399709580838, 49.640112104238128 ], [ 17.245455509580861, 49.640079904238128 ], [ 17.245493009580894, 49.640056504238089 ] ] } },
{ "type": "Feature", "properties": { "legend": "cyklostezka" }, "geometry": { "type": "LineString", "coordinates": [ [ 17.250445409587979, 49.588908004201365 ], [ 17.25051640958803, 49.588872504201326 ], [ 17.250595509588099, 49.58884480420128 ], [ 17.250795109588232, 49.588792204201241 ], [ 17.250892509588308, 49.58876730420122 ], [ 17.250991909588375, 49.588731004201108 ], [ 17.251059509588437, 49.588692604201057 ], [ 17.251134009588487, 49.58863960420102 ], [ 17.251181309588532, 49.588587304200942 ], [ 17.251239809588576, 49.588490504200919 ], [ 17.251299909588624, 49.588438904200892 ], [ 17.251382409588675, 49.588388404200828 ], [ 17.2516640095889, 49.588266704200599 ], [ 17.251774709588961, 49.588207504200611 ], [ 17.252247409589327, 49.587922304200305 ] ] } },
{ "type": "Feature", "properties": { "legend": "cyklostezka" }, "geometry": { "type": "LineString", "coordinates": [ [ 17.249953609587617, 49.589272404201687 ], [ 17.250158009587743, 49.589392904201759 ], [ 17.250170909587755, 49.589399704201746 ] ] } },
{ "type": "Feature", "properties": { "legend": "cyklostezka" }, "geometry": { "type": "LineString", "coordinates": [ [ 17.248965009587163, 49.585784304199485 ], [ 17.248980309587157, 49.585800704199436 ], [ 17.248974109587159, 49.585859904199474 ], [ 17.248944709587136, 49.585991204199551 ] ] } },
{ "type": "Feature", "properties": { "legend": "cyklostezka" }, "geometry": { "type": "LineString", "coordinates": [ [ 17.249865009587552, 49.589246304201758 ], [ 17.249953609587617, 49.589272404201687 ] ] } },
{ "type": "Feature", "properties": { "legend": "cyklostezka" }, "geometry": { "type": "LineString", "coordinates": [ [ 17.242890009582229, 49.595081104207146 ], [ 17.243070609582343, 49.595142404207195 ], [ 17.243295909582521, 49.595193004207097 ], [ 17.243532709582677, 49.595199704207147 ], [ 17.24379640958287, 49.595168104207076 ], [ 17.244157909583127, 49.595224804206993 ], [ 17.244368709583259, 49.595358204207109 ], [ 17.244401809583284, 49.595394704207038 ] ] } },
{ "type": "Feature", "properties": { "legend": "cyklostezka" }, "geometry": { "type": "LineString", "coordinates": [ [ 17.244054809582945, 49.596638904208014 ], [ 17.243897709582846, 49.596613904208034 ], [ 17.243743709582738, 49.596589504208005 ] ] } },
{ "type": "Feature", "properties": { "legend": "cyklostezka" }, "geometry": { "type": "LineString", "coordinates": [ [ 17.243743709582738, 49.596589504208005 ], [ 17.243734709582736, 49.596601604208004 ], [ 17.243197709582322, 49.596921104208363 ], [ 17.243036609582195, 49.59701420420847 ], [ 17.242554409581853, 49.597265804208675 ] ] } },
{ "type": "Feature", "properties": { "legend": "cyklostezka" }, "geometry": { "type": "LineString", "coordinates": [ [ 17.244073209582975, 49.596518104207945 ], [ 17.244084009582984, 49.596548704207933 ], [ 17.244070309582966, 49.596590804207942 ], [ 17.244054809582945, 49.596638904208014 ] ] } },
{ "type": "Feature", "properties": { "legend": "cyklostezka" }, "geometry": { "type": "LineString", "coordinates": [ [ 17.242890009582229, 49.595081104207146 ], [ 17.24269690958209, 49.595244304207291 ], [ 17.2427096095821, 49.595289304207363 ] ] } },
{ "type": "Feature", "properties": { "legend": "cyklostezka" }, "geometry": { "type": "LineString", "coordinates": [ [ 17.263324209597545, 49.581687204193756 ], [ 17.263339909597551, 49.5816332041937 ], [ 17.26335790959758, 49.581586504193687 ], [ 17.263882009598017, 49.580400304192779 ], [ 17.263920109598072, 49.580290604192648 ], [ 17.263954109598085, 49.580186104192556 ], [ 17.263989109598118, 49.580048904192516 ], [ 17.264015109598148, 49.579913204192358 ], [ 17.264030109598171, 49.57979370419234 ], [ 17.264026609598183, 49.579636704192218 ], [ 17.264012909598179, 49.579513204192104 ], [ 17.264003509598183, 49.579452504192062 ], [ 17.263972909598163, 49.579284004191997 ] ] } },
{ "type": "Feature", "properties": { "legend": "cyklostezka" }, "geometry": { "type": "LineString", "coordinates": [ [ 17.255274409591468, 49.587622704199447 ], [ 17.255323209591516, 49.587604504199504 ], [ 17.25534630959153, 49.587580004199509 ], [ 17.255348509591531, 49.587557704199412 ], [ 17.255340609591524, 49.587533704199458 ], [ 17.255226309591468, 49.587349504199267 ], [ 17.255262309591483, 49.587339504199306 ] ] } },
{ "type": "Feature", "properties": { "legend": "cyklostezka" }, "geometry": { "type": "LineString", "coordinates": [ [ 17.251497909589382, 49.579492004194499 ], [ 17.251368709589283, 49.579486904194624 ], [ 17.25127850958923, 49.579480204194539 ], [ 17.250981909589015, 49.579462104194668 ], [ 17.250553509588716, 49.579431004194689 ] ] } },
{ "type": "Feature", "properties": { "legend": "cyklostezka" }, "geometry": { "type": "LineString", "coordinates": [ [ 17.25299460958983, 49.58804180420028 ], [ 17.253002409589847, 49.588054604200259 ], [ 17.253240909589987, 49.588340904200436 ], [ 17.253273109590022, 49.588379604200441 ] ] } },
{ "type": "Feature", "properties": { "legend": "cyklostezka" }, "geometry": { "type": "LineString", "coordinates": [ [ 17.255688309591672, 49.588842204200311 ], [ 17.255675109591664, 49.588847104200326 ], [ 17.255656509591649, 49.588854604200272 ], [ 17.25563600959163, 49.588861204200299 ], [ 17.25561380959163, 49.588867804200326 ], [ 17.255591409591613, 49.588872704200348 ], [ 17.255447809591512, 49.588894104200321 ], [ 17.255399309591475, 49.588901304200412 ], [ 17.255250509591363, 49.588927904200446 ], [ 17.255092609591252, 49.588964704200457 ], [ 17.25501070959119, 49.588987004200526 ], [ 17.254977409591177, 49.588996404200465 ], [ 17.25491380959112, 49.589018504200567 ], [ 17.254705809590973, 49.589110304200673 ], [ 17.25454870959085, 49.589179904200762 ], [ 17.254449509590785, 49.589221304200841 ], [ 17.254401409590749, 49.589241404200848 ], [ 17.254326009590688, 49.589269104200895 ] ] } },
{ "type": "Feature", "properties": { "legend": "cyklostezka" }, "geometry": { "type": "LineString", "coordinates": [ [ 17.265223709598111, 49.592649504201098 ], [ 17.265289109598168, 49.592624104201086 ] ] } },
{ "type": "Feature", "properties": { "legend": "cyklostezka" }, "geometry": { "type": "LineString", "coordinates": [ [ 17.268153009600645, 49.585937704195828 ], [ 17.268660409601019, 49.585607204195512 ], [ 17.269346709601528, 49.585163404195079 ], [ 17.269395609601581, 49.585130104195024 ], [ 17.269442709601591, 49.585093204195076 ] ] } },
{ "type": "Feature", "properties": { "legend": "cyklostezka" }, "geometry": { "type": "LineString", "coordinates": [ [ 17.262856909595595, 49.605034004210204 ], [ 17.262776409595528, 49.605034504210266 ], [ 17.262161709595112, 49.604990204210303 ], [ 17.261523409594648, 49.604944204210476 ], [ 17.261302209594497, 49.605038104210536 ] ] } },
{ "type": "Feature", "properties": { "legend": "cyklostezka" }, "geometry": { "type": "LineString", "coordinates": [ [ 17.255780809590856, 49.601680104209265 ], [ 17.255762009590846, 49.601689704209249 ], [ 17.255478409590637, 49.601834504209371 ], [ 17.255231509590445, 49.601960504209544 ], [ 17.254919709590222, 49.602119804209742 ], [ 17.254879709590181, 49.602140204209761 ], [ 17.254494909589894, 49.602336704210025 ], [ 17.254401409589839, 49.602384404210007 ], [ 17.254343509589802, 49.602414004210033 ], [ 17.25428950958975, 49.602441504210063 ], [ 17.253596109589232, 49.602795604210492 ], [ 17.25356470958921, 49.602811704210502 ], [ 17.253511809589163, 49.60283860421049 ], [ 17.253455909589135, 49.602867204210511 ], [ 17.252633309588532, 49.603287204210979 ], [ 17.252551009588473, 49.603329204210993 ], [ 17.252423609588377, 49.603394304211129 ] ] } },
{ "type": "Feature", "properties": { "legend": "cyklostezka" }, "geometry": { "type": "LineString", "coordinates": [ [ 17.248565809587312, 49.579493704195116 ], [ 17.248565809587308, 49.57948650419516 ], [ 17.248569609587324, 49.579476504195121 ], [ 17.248579909587328, 49.579463004195077 ], [ 17.248603109587329, 49.579428804195118 ], [ 17.248615409587348, 49.579412504195062 ], [ 17.248626609587362, 49.579391304195056 ], [ 17.248633209587371, 49.579372604195044 ], [ 17.248640409587374, 49.579354404195044 ], [ 17.248638909587374, 49.579327104194981 ], [ 17.248636309587372, 49.579295804194963 ], [ 17.24858180958736, 49.578884404194675 ], [ 17.248541209587358, 49.578549904194453 ], [ 17.248506109587357, 49.578280804194222 ], [ 17.248482409587346, 49.57808020419418 ], [ 17.248478009587352, 49.578050504194117 ], [ 17.248467809587346, 49.578018304194138 ], [ 17.248445009587332, 49.577992604194115 ], [ 17.248405709587303, 49.577976104194093 ], [ 17.248379109587294, 49.577966104194083 ], [ 17.248375509587291, 49.577921604193996 ] ] } },
{ "type": "Feature", "properties": { "legend": "cyklostezka" }, "geometry": { "type": "LineString", "coordinates": [ [ 17.260982109594263, 49.605153304210688 ], [ 17.260962509594229, 49.605438904210878 ], [ 17.260926209594174, 49.605969804211199 ], [ 17.260917609594152, 49.606079304211391 ], [ 17.260924209594158, 49.606107004211317 ], [ 17.26093170959415, 49.606201404211404 ] ] } },
{ "type": "Feature", "properties": { "legend": "cyklostezka" }, "geometry": { "type": "LineString", "coordinates": [ [ 17.249278709587635, 49.582087904196818 ], [ 17.249266709587634, 49.582107104196758 ], [ 17.249232609587597, 49.58215020419685 ], [ 17.249209909587577, 49.582168104196903 ], [ 17.248932509587377, 49.582231804197008 ], [ 17.248762709587258, 49.582271104197034 ], [ 17.248445209587022, 49.582342604197166 ], [ 17.248407109587006, 49.582363604197141 ], [ 17.248391609586996, 49.582387304197155 ], [ 17.248381509586988, 49.582422904197138 ], [ 17.248370409586965, 49.582566504197281 ] ] } },
{ "type": "Feature", "properties": { "legend": "cyklostezka" }, "geometry": { "type": "LineString", "coordinates": [ [ 17.263031309594201, 49.626437804225191 ], [ 17.262990909594166, 49.626505804225168 ] ] } },
{ "type": "Feature", "properties": { "legend": "cyklostezka" }, "geometry": { "type": "LineString", "coordinates": [ [ 17.262990909594166, 49.626505804225168 ], [ 17.262877709594083, 49.626735204225355 ], [ 17.262709609593927, 49.627084404225691 ], [ 17.262466909593719, 49.627709604226105 ], [ 17.262317109593589, 49.628062304226496 ] ] } },
{ "type": "Feature", "properties": { "legend": "cyklostezka" }, "geometry": { "type": "LineString", "coordinates": [ [ 17.248057609585235, 49.604393504212652 ], [ 17.247861309585108, 49.604237204212573 ] ] } },
{ "type": "Feature", "properties": { "legend": "cyklostezka" }, "geometry": { "type": "LineString", "coordinates": [ [ 17.235298109575407, 49.616371504223537 ], [ 17.236808809576566, 49.614839404222167 ], [ 17.236856009576602, 49.614789204222099 ], [ 17.236888209576641, 49.614730504222059 ], [ 17.236916909576671, 49.614617304221959 ], [ 17.236977609576723, 49.614339604221797 ], [ 17.237077009576829, 49.613965304221487 ], [ 17.237122409576866, 49.613794104221355 ], [ 17.237312909577049, 49.613055604220826 ], [ 17.237322109577057, 49.613019804220833 ], [ 17.23750210957725, 49.61224460422018 ], [ 17.237712109577462, 49.611340104219494 ] ] } },
{ "type": "Feature", "properties": { "legend": "cyklostezka" }, "geometry": { "type": "LineString", "coordinates": [ [ 17.248375509587291, 49.577921604193996 ], [ 17.248372309587289, 49.577881804194035 ], [ 17.248402809587311, 49.577849404193984 ], [ 17.248427809587334, 49.57781710419399 ], [ 17.248444209587348, 49.577787304193897 ], [ 17.248452009587353, 49.577756504193871 ], [ 17.24844900958735, 49.577712504193912 ], [ 17.248442709587362, 49.577659604193869 ], [ 17.248417709587354, 49.577473904193695 ], [ 17.248392109587346, 49.577304504193599 ], [ 17.248364709587339, 49.577087504193479 ], [ 17.248352909587325, 49.577018904193451 ], [ 17.248329309587319, 49.576943104193397 ] ] } },
{ "type": "Feature", "properties": { "legend": "cyklostezka" }, "geometry": { "type": "LineString", "coordinates": [ [ 17.248324109587777, 49.570234704188714 ], [ 17.248334209587778, 49.570198504188653 ] ] } },
{ "type": "Feature", "properties": { "legend": "cyklostezka" }, "geometry": { "type": "LineString", "coordinates": [ [ 17.248325509587318, 49.576926604193389 ], [ 17.248324409587319, 49.576921704193374 ], [ 17.248317209587306, 49.576889704193384 ], [ 17.248312809587322, 49.576881904193307 ], [ 17.248306109587304, 49.576875204193385 ], [ 17.248296109587312, 49.576867604193289 ], [ 17.248281509587294, 49.5768588041933 ], [ 17.248268809587287, 49.576851804193282 ], [ 17.248245409587259, 49.576840604193265 ], [ 17.248232009587259, 49.57683360419334 ], [ 17.248224009587254, 49.576827004193277 ], [ 17.24821910958725, 49.576819404193287 ], [ 17.248216609587246, 49.576811004193345 ], [ 17.248217009587247, 49.576803204193283 ] ] } },
{ "type": "Feature", "properties": { "legend": "cyklostezka" }, "geometry": { "type": "LineString", "coordinates": [ [ 17.223574209567101, 49.616798804226121 ], [ 17.22345240956701, 49.616783804226152 ] ] } },
{ "type": "Feature", "properties": { "legend": "cyklostezka" }, "geometry": { "type": "LineString", "coordinates": [ [ 17.223574209567101, 49.616798804226121 ], [ 17.223599209567126, 49.616705604226041 ], [ 17.22363730956717, 49.616590404225938 ] ] } },
{ "type": "Feature", "properties": { "legend": "cyklostezka" }, "geometry": { "type": "LineString", "coordinates": [ [ 17.228133309570858, 49.609061204219842 ], [ 17.228200409570906, 49.609057904219839 ], [ 17.228211909570923, 49.609051204219774 ], [ 17.228257409570972, 49.608942904219653 ], [ 17.228276309570969, 49.608897004219678 ], [ 17.228300409570995, 49.608856904219671 ], [ 17.228308209570997, 49.608845804219662 ], [ 17.228335509571025, 49.608807004219614 ], [ 17.228422409571088, 49.608693104219505 ], [ 17.228582409571224, 49.608436604219278 ], [ 17.229044209571576, 49.607976804218865 ], [ 17.229076009571603, 49.607944404218806 ] ] } },
{ "type": "Feature", "properties": { "legend": "cyklostezka" }, "geometry": { "type": "LineString", "coordinates": [ [ 17.29506300962024, 49.575446204183258 ], [ 17.295063109620241, 49.575427204183192 ], [ 17.295056909620236, 49.575408204183233 ], [ 17.295030409620221, 49.575374004183196 ], [ 17.29501490962021, 49.575352004183152 ], [ 17.295011709620209, 49.575327004183151 ], [ 17.295014909620217, 49.575314704183107 ], [ 17.295070509620263, 49.575104204182956 ], [ 17.29507500962027, 49.575088104182917 ], [ 17.295131309620331, 49.574888404182786 ], [ 17.295172509620368, 49.574729004182686 ], [ 17.295217809620404, 49.574557404182563 ], [ 17.295261109620462, 49.574383204182411 ], [ 17.295268109620459, 49.57435740418245 ], [ 17.295324109620516, 49.57417090418226 ], [ 17.29535560962054, 49.574033804182186 ], [ 17.295412509620597, 49.573829204181955 ] ] } },
{ "type": "Feature", "properties": { "legend": "cyklostezka" }, "geometry": { "type": "LineString", "coordinates": [ [ 17.294695009619943, 49.576076104183741 ], [ 17.29465330961991, 49.57606490418376 ], [ 17.294602509619875, 49.576051304183736 ] ] } },
{ "type": "Feature", "properties": { "legend": "cyklostezka" }, "geometry": { "type": "LineString", "coordinates": [ [ 17.29485610962012, 49.575052404182969 ], [ 17.294938209620202, 49.574767904182728 ], [ 17.295054309620301, 49.574333004182449 ], [ 17.295172509620436, 49.573890704182119 ], [ 17.295182109620431, 49.573840904182077 ], [ 17.295182409620431, 49.57380440418202 ], [ 17.29517990962043, 49.573779204182053 ], [ 17.295166909620441, 49.573726904181996 ], [ 17.295140909620415, 49.573641204181932 ], [ 17.295111609620406, 49.573568304181862 ], [ 17.295090609620395, 49.573512004181836 ], [ 17.295080309620392, 49.573469404181836 ], [ 17.295077409620383, 49.57342980418175 ], [ 17.295079709620389, 49.573378304181766 ] ] } },
{ "type": "Feature", "properties": { "legend": "cyklostezka" }, "geometry": { "type": "LineString", "coordinates": [ [ 17.239087109577934, 49.618296704224157 ], [ 17.240082609578604, 49.618768804224253 ], [ 17.240170809578668, 49.618810604224329 ], [ 17.240263809578728, 49.618719604224182 ], [ 17.240372809578815, 49.618670604224121 ], [ 17.240624309578997, 49.618643304224079 ], [ 17.240799409579115, 49.618651004224041 ], [ 17.240968009579234, 49.618677504224024 ], [ 17.241187909579391, 49.61867750422401 ], [ 17.241444509579569, 49.618647004223931 ], [ 17.242146609580072, 49.618562704223777 ], [ 17.242242609580138, 49.618547504223713 ], [ 17.242323109580202, 49.618530704223659 ], [ 17.242372509580225, 49.618498704223626 ], [ 17.242463409580289, 49.61841970422357 ], [ 17.243496809581092, 49.617437204222718 ], [ 17.243808409581337, 49.617194904222423 ], [ 17.244560009581907, 49.616623904221882 ], [ 17.245802409582843, 49.61568010422102 ], [ 17.245988309582987, 49.615541704220867 ], [ 17.246053509583032, 49.615503104220821 ], [ 17.246082809583061, 49.615485704220809 ], [ 17.246172509583118, 49.615444504220719 ], [ 17.249368109585454, 49.614351804219382 ], [ 17.249894609585837, 49.614210804219169 ], [ 17.249991309585909, 49.614184904219108 ], [ 17.250103309585977, 49.614154904219099 ] ] } },
{ "type": "Feature", "properties": { "legend": "cyklostezka" }, "geometry": { "type": "LineString", "coordinates": [ [ 17.233512209574183, 49.615708504223434 ], [ 17.233527009574203, 49.615660404223327 ], [ 17.233575009574245, 49.61551900422328 ], [ 17.233621209574292, 49.615383104223163 ], [ 17.233911709574556, 49.614442304222422 ], [ 17.234060709574702, 49.613958704222107 ], [ 17.234155209574794, 49.613594204221812 ], [ 17.234231209574869, 49.613342904221582 ], [ 17.234319709574937, 49.613055304221426 ], [ 17.234361709574991, 49.612923404221213 ], [ 17.234462109575073, 49.612607804221057 ], [ 17.234520509575134, 49.612433604220925 ], [ 17.234568209575169, 49.6122715042208 ], [ 17.234581509575193, 49.612201304220733 ], [ 17.234600609575203, 49.612100304220775 ], [ 17.234638809575237, 49.611977704220564 ], [ 17.234698809575288, 49.611852204220533 ], [ 17.235158809575672, 49.61106390421984 ], [ 17.235225309575725, 49.610951404219811 ], [ 17.235253409575758, 49.61088450421969 ], [ 17.235261609575762, 49.610839704219707 ], [ 17.235261909575769, 49.610822404219725 ] ] } },
{ "type": "Feature", "properties": { "legend": "cyklostezka" }, "geometry": { "type": "LineString", "coordinates": [ [ 17.243766609583361, 49.587796104201864 ], [ 17.24378810958337, 49.587791304201879 ], [ 17.243823309583405, 49.587783404201836 ], [ 17.243874109583434, 49.587772104201832 ], [ 17.243911709583468, 49.587763804201821 ], [ 17.243936409583487, 49.587758304201799 ] ] } },
{ "type": "Feature", "properties": { "legend": "cyklostezka" }, "geometry": { "type": "LineString", "coordinates": [ [ 17.248982309587454, 49.581682204196554 ], [ 17.248981209587448, 49.581688204196553 ], [ 17.248982209587446, 49.58169370419661 ], [ 17.248986609587448, 49.581700804196615 ], [ 17.248994809587469, 49.581706504196553 ], [ 17.249007409587474, 49.58171220419657 ], [ 17.24903470958748, 49.581724504196579 ], [ 17.249059609587512, 49.581737604196618 ], [ 17.249084209587515, 49.581753204196545 ], [ 17.249103409587541, 49.581767604196585 ], [ 17.249121809587542, 49.581788404196629 ], [ 17.249174809587583, 49.581874604196706 ], [ 17.249217109587601, 49.581952304196712 ], [ 17.249278709587635, 49.582087904196818 ] ] } },
{ "type": "Feature", "properties": { "legend": "cyklostezka" }, "geometry": { "type": "LineString", "coordinates": [ [ 17.260837709595211, 49.589972104200001 ], [ 17.260809509595209, 49.58991170420007 ], [ 17.260795709595197, 49.589878204200041 ], [ 17.260780609595177, 49.589837904200039 ], [ 17.260769009595183, 49.589797704199995 ], [ 17.260759409595188, 49.589754004199932 ], [ 17.260752809595175, 49.589709104199926 ], [ 17.260750009595185, 49.589675104199877 ], [ 17.260751509595185, 49.589658404199866 ], [ 17.2607568095952, 49.589643504199799 ], [ 17.260764209595184, 49.589630504199867 ], [ 17.260776309595201, 49.589613904199823 ], [ 17.260794909595212, 49.589592404199855 ], [ 17.26081400959524, 49.589566604199717 ] ] } },
{ "type": "Feature", "properties": { "legend": "cyklostezka" }, "geometry": { "type": "LineString", "coordinates": [ [ 17.263981109597452, 49.589653604199285 ], [ 17.263846509597375, 49.589642604199263 ] ] } },
{ "type": "Feature", "properties": { "legend": "cyklostezka" }, "geometry": { "type": "LineString", "coordinates": [ [ 17.264116809597521, 49.589922704199388 ], [ 17.263930609597402, 49.589909104199407 ] ] } },
{ "type": "Feature", "properties": { "legend": "cyklostezka" }, "geometry": { "type": "LineString", "coordinates": [ [ 17.264812809598045, 49.589659604199078 ], [ 17.264747909598, 49.589552104198987 ], [ 17.264712809597977, 49.589470504198992 ], [ 17.264694609597974, 49.589351004198868 ], [ 17.264692209597985, 49.589335004198915 ], [ 17.264687609597967, 49.589310704198844 ], [ 17.264639109597962, 49.588992804198661 ], [ 17.264605709597969, 49.588710704198398 ], [ 17.26459240959797, 49.588530604198326 ], [ 17.264582909597966, 49.588358804198251 ], [ 17.264560109597944, 49.588284604198151 ], [ 17.264501509597938, 49.588149004198073 ], [ 17.264463609597904, 49.588055104198027 ], [ 17.26445270959789, 49.587997704198017 ], [ 17.264450409597899, 49.587928404197932 ], [ 17.264463109597919, 49.587863804197845 ], [ 17.264496909597959, 49.587766504197788 ], [ 17.264502409597959, 49.587698704197742 ], [ 17.264498709597959, 49.587575104197704 ], [ 17.264498109597977, 49.587485504197623 ], [ 17.264504709597983, 49.587414504197547 ], [ 17.264522309598, 49.587358004197498 ], [ 17.26454470959801, 49.587317004197523 ], [ 17.26455170959802, 49.587277004197418 ], [ 17.264536209598006, 49.587220304197452 ], [ 17.264517409598003, 49.587150704197384 ], [ 17.264521709598, 49.587096904197303 ], [ 17.264537509598025, 49.587041304197278 ], [ 17.264560709598054, 49.586998204197243 ], [ 17.264609809598085, 49.586954904197192 ], [ 17.264668209598117, 49.586920104197162 ] ] } },
{ "type": "Feature", "properties": { "legend": "cyklostezka" }, "geometry": { "type": "LineString", "coordinates": [ [ 17.261641509596352, 49.581827004194174 ], [ 17.263369109597544, 49.582153304194065 ] ] } },
{ "type": "Feature", "properties": { "legend": "cyklostezka" }, "geometry": { "type": "LineString", "coordinates": [ [ 17.261304509596066, 49.582544004194787 ], [ 17.2614847095962, 49.582429704194581 ], [ 17.261536909596231, 49.58239100419469 ], [ 17.26159520959628, 49.58233240419456 ], [ 17.261630609596306, 49.582292604194549 ], [ 17.261656209596342, 49.582248804194471 ], [ 17.261683309596361, 49.582186504194453 ], [ 17.261705609596373, 49.582120704194438 ], [ 17.261729809596389, 49.582070904194374 ], [ 17.261850209596503, 49.581899104194164 ], [ 17.261884609596525, 49.581848704194172 ], [ 17.261924909596551, 49.581798904194102 ], [ 17.261951109596559, 49.581758104194144 ], [ 17.261967709596583, 49.581724804194074 ], [ 17.261981209596598, 49.581692004194018 ], [ 17.26198860959661, 49.581665404194005 ], [ 17.261993009596608, 49.581641704194013 ], [ 17.262002109596626, 49.58158980419396 ], [ 17.262010009596633, 49.581480704193815 ], [ 17.262016809596666, 49.581196704193694 ], [ 17.26201530959667, 49.581166004193605 ], [ 17.262009509596659, 49.581144604193646 ], [ 17.262001809596644, 49.581129604193684 ], [ 17.261988609596642, 49.581112304193645 ], [ 17.261971909596621, 49.581100004193658 ], [ 17.26194940959661, 49.581092904193653 ] ] } },
{ "type": "Feature", "properties": { "legend": "cyklostezka" }, "geometry": { "type": "LineString", "coordinates": [ [ 17.249301709587712, 49.581188304196196 ], [ 17.249339009587743, 49.581133604196104 ], [ 17.249391609587782, 49.58109350419609 ], [ 17.24945050958782, 49.581074104196077 ], [ 17.249553509587891, 49.58105690419606 ], [ 17.24980650958808, 49.581032304195929 ], [ 17.250443209588536, 49.580961404195776 ], [ 17.251143309589022, 49.580883004195634 ], [ 17.251282609589136, 49.58086680419553 ] ] } },
{ "type": "Feature", "properties": { "legend": "cyklostezka" }, "geometry": { "type": "LineString", "coordinates": [ [ 17.256338709592686, 49.580837704194543 ], [ 17.25642110959275, 49.580818404194517 ], [ 17.256475809592793, 49.580804404194446 ], [ 17.256502409592805, 49.580799104194519 ], [ 17.256570009592849, 49.580788804194505 ], [ 17.256595509592874, 49.580792104194444 ] ] } },
{ "type": "Feature", "properties": { "legend": "cyklostezka" }, "geometry": { "type": "LineString", "coordinates": [ [ 17.256702409592936, 49.580903804194541 ], [ 17.256778809592991, 49.580911604194512 ], [ 17.256872509593059, 49.580921204194532 ] ] } },
{ "type": "Feature", "properties": { "legend": "cyklostezka" }, "geometry": { "type": "LineString", "coordinates": [ [ 17.261304509596066, 49.582544004194787 ], [ 17.261225309596007, 49.582596504194846 ], [ 17.261058809595873, 49.582720204194985 ], [ 17.261030409595858, 49.582734904194957 ], [ 17.260997109595845, 49.582745404194981 ], [ 17.260951009595793, 49.58275270419503 ], [ 17.260912809595769, 49.582754904194978 ], [ 17.260837309595725, 49.58275810419498 ] ] } },
{ "type": "Feature", "properties": { "legend": "cyklostezka" }, "geometry": { "type": "LineString", "coordinates": [ [ 17.259451509594424, 49.587418804198606 ], [ 17.259431109594413, 49.587399604198531 ], [ 17.259399909594393, 49.587381404198517 ], [ 17.25932790959434, 49.587349304198547 ], [ 17.259267709594297, 49.587313904198474 ], [ 17.259232709594269, 49.587282704198515 ], [ 17.259223409594281, 49.587244504198516 ], [ 17.259236209594285, 49.587210904198429 ], [ 17.259297809594333, 49.587113204198346 ], [ 17.259597909594568, 49.586754404198118 ], [ 17.259606409594593, 49.586748004198036 ], [ 17.259616309594588, 49.586743504198047 ], [ 17.259626309594601, 49.586739904198005 ], [ 17.259639709594595, 49.586737204198073 ], [ 17.259666609594618, 49.586734604198021 ], [ 17.259792909594704, 49.586723504198034 ], [ 17.259798209594713, 49.586723004197999 ], [ 17.259883909594777, 49.586715204197979 ], [ 17.259938509594811, 49.586710304197993 ], [ 17.259983509594854, 49.586706204197966 ], [ 17.260002509594852, 49.586704504197968 ], [ 17.260083709594927, 49.58669740419792 ], [ 17.260152009594957, 49.586691604197974 ], [ 17.260193809594998, 49.586685304197879 ], [ 17.260238609595035, 49.586671704197855 ] ] } },
{ "type": "Feature", "properties": { "legend": "cyklostezka" }, "geometry": { "type": "LineString", "coordinates": [ [ 17.25923070959437, 49.585993004197611 ], [ 17.259250109594365, 49.586156704197698 ], [ 17.259259009594377, 49.586189604197735 ] ] } },
{ "type": "Feature", "properties": { "legend": "cyklostezka" }, "geometry": { "type": "LineString", "coordinates": [ [ 17.259251909594386, 49.585918204197547 ], [ 17.25923070959437, 49.585993004197611 ] ] } },
{ "type": "Feature", "properties": { "legend": "cyklostezka" }, "geometry": { "type": "LineString", "coordinates": [ [ 17.260238609595035, 49.586671704197855 ], [ 17.260281809595064, 49.586657704197833 ], [ 17.260306309595084, 49.586643204197834 ], [ 17.260348309595113, 49.586604004197788 ], [ 17.260379009595137, 49.586570104197776 ], [ 17.260412109595158, 49.586533404197716 ], [ 17.260444509595182, 49.586497504197744 ], [ 17.260473009595206, 49.586466004197703 ] ] } },
{ "type": "Feature", "properties": { "legend": "cyklostezka" }, "geometry": { "type": "LineString", "coordinates": [ [ 17.259259009594377, 49.586189604197735 ], [ 17.259263209594369, 49.58619970419776 ], [ 17.259270009594388, 49.586210304197735 ], [ 17.259280309594388, 49.586216804197733 ], [ 17.259293409594388, 49.586221504197738 ], [ 17.259310209594403, 49.586224004197753 ], [ 17.259367009594445, 49.586224004197724 ], [ 17.259406509594481, 49.586223004197706 ], [ 17.259442909594505, 49.586221104197762 ] ] } },
{ "type": "Feature", "properties": { "legend": "cyklostezka" }, "geometry": { "type": "LineString", "coordinates": [ [ 17.223115909569678, 49.574917704196842 ], [ 17.2231293095697, 49.574879604196802 ], [ 17.223544409570014, 49.574543904196474 ], [ 17.223558209570019, 49.574520704196452 ], [ 17.223558209570019, 49.574504604196498 ], [ 17.223547109570013, 49.574481404196455 ], [ 17.223533309570012, 49.574467104196479 ], [ 17.22351950957, 49.574452704196432 ], [ 17.223503009569992, 49.574436704196387 ], [ 17.223483709569983, 49.574424104196403 ], [ 17.223470409569977, 49.574416704196445 ], [ 17.223452009569957, 49.574406304196408 ] ] } },
{ "type": "Feature", "properties": { "legend": "cyklostezka" }, "geometry": { "type": "LineString", "coordinates": [ [ 17.27162100960323, 49.583785604193615 ], [ 17.271661509603248, 49.583795204193635 ], [ 17.271713809603295, 49.583831204193686 ], [ 17.271777009603326, 49.583888504193681 ], [ 17.271935409603429, 49.584014904193737 ] ] } },
{ "type": "Feature", "properties": { "legend": "cyklostezka" }, "geometry": { "type": "LineString", "coordinates": [ [ 17.254619809591958, 49.573895204190023 ], [ 17.255637009592668, 49.573965704189931 ], [ 17.255782609592767, 49.573965104189838 ] ] } },
{ "type": "Feature", "properties": { "legend": "cyklostezka" }, "geometry": { "type": "LineString", "coordinates": [ [ 17.295480709620765, 49.572119304180745 ], [ 17.295510309620777, 49.572024804180685 ], [ 17.295662909620923, 49.571565604180407 ], [ 17.295682809620946, 49.571508704180317 ], [ 17.295757209621009, 49.571284804180181 ], [ 17.295894509621128, 49.571041504179973 ], [ 17.295970809621185, 49.570924504179828 ] ] } },
{ "type": "Feature", "properties": { "legend": "cyklostezka" }, "geometry": { "type": "LineString", "coordinates": [ [ 17.295079709620389, 49.573378304181766 ], [ 17.295085709620405, 49.573331104181698 ], [ 17.295101009620414, 49.573275904181685 ], [ 17.295256309620552, 49.572801504181342 ], [ 17.295418609620704, 49.572308104180919 ], [ 17.295480709620765, 49.572119304180745 ] ] } },
{ "type": "Feature", "properties": { "legend": "cyklostezka" }, "geometry": { "type": "LineString", "coordinates": [ [ 17.295378709620575, 49.573704804181915 ], [ 17.295412509620597, 49.573829204181955 ] ] } },
{ "type": "Feature", "properties": { "legend": "cyklostezka" }, "geometry": { "type": "LineString", "coordinates": [ [ 17.269689009601958, 49.582633304193209 ], [ 17.269738509601979, 49.582645704193226 ], [ 17.269774809602009, 49.582654804193169 ], [ 17.269852409602063, 49.582677704193202 ], [ 17.269974409602138, 49.582719004193244 ], [ 17.270057809602207, 49.582753604193229 ], [ 17.270115509602242, 49.582780804193227 ], [ 17.270181209602274, 49.582816404193231 ], [ 17.270282809602357, 49.5828770041933 ], [ 17.270443209602451, 49.582981104193301 ], [ 17.270616409602574, 49.583090204193361 ], [ 17.271264709602985, 49.583509904193484 ], [ 17.271309609603026, 49.583539804193535 ], [ 17.271323309603034, 49.583548204193534 ], [ 17.271342209603056, 49.583555604193549 ], [ 17.271363809603066, 49.583558004193485 ], [ 17.271384009603079, 49.583556004193483 ], [ 17.271414609603102, 49.583551904193541 ], [ 17.271500209603165, 49.583535504193463 ] ] } },
{ "type": "Feature", "properties": { "legend": "cyklostezka" }, "geometry": { "type": "LineString", "coordinates": [ [ 17.258549009593914, 49.585554704197371 ], [ 17.258799909594085, 49.585629404197462 ], [ 17.258857809594126, 49.585648504197415 ], [ 17.258878209594151, 49.585654004197394 ], [ 17.258895409594153, 49.585654604197458 ], [ 17.258914809594174, 49.585651904197341 ], [ 17.25892720959418, 49.585645304197421 ], [ 17.258935709594198, 49.585634304197399 ], [ 17.258939209594182, 49.585626004197373 ], [ 17.258931809594181, 49.585526204197386 ], [ 17.258932309594204, 49.585482504197273 ], [ 17.258988509594232, 49.585477604197294 ], [ 17.259040809594264, 49.585476304197286 ], [ 17.259082809594307, 49.585475204197216 ], [ 17.259136009594336, 49.585472304197268 ], [ 17.259203909594376, 49.585469004197265 ], [ 17.259251809594417, 49.585469304197218 ] ] } },
{ "type": "Feature", "properties": { "legend": "cyklostezka" }, "geometry": { "type": "LineString", "coordinates": [ [ 17.255470809592016, 49.581786504195364 ], [ 17.255571409592083, 49.581792404195376 ], [ 17.255932109592326, 49.581815804195323 ], [ 17.256247609592563, 49.581840304195225 ], [ 17.256609909592807, 49.581916004195222 ] ] } },
{ "type": "Feature", "properties": { "legend": "cyklostezka" }, "geometry": { "type": "LineString", "coordinates": [ [ 17.228337409571857, 49.596880604211208 ], [ 17.228251209571791, 49.596820404211293 ], [ 17.228249309571801, 49.596746404211174 ], [ 17.228257409571828, 49.596645604211027 ], [ 17.228255009571825, 49.596627004211037 ], [ 17.228252109571827, 49.596618904211056 ], [ 17.228245009571811, 49.596612704211083 ], [ 17.22823580957181, 49.596607604211108 ], [ 17.228219809571794, 49.596601604211088 ], [ 17.228202609571778, 49.596599704211044 ], [ 17.227863709571547, 49.596589704211141 ], [ 17.227597009571351, 49.59658520421123 ], [ 17.227565309571336, 49.596584004211209 ], [ 17.227549809571322, 49.596578104211183 ], [ 17.227547609571324, 49.596570104211139 ], [ 17.227550109571325, 49.596509404211091 ], [ 17.22755140957133, 49.596479604211105 ], [ 17.22755150957132, 49.596462904211108 ] ] } },
{ "type": "Feature", "properties": { "legend": "cyklostezka" }, "geometry": { "type": "LineString", "coordinates": [ [ 17.293941309617907, 49.597731504199004 ], [ 17.293818109617817, 49.597744504199078 ], [ 17.293666409617707, 49.597759004199155 ], [ 17.293374809617504, 49.597799804199255 ], [ 17.292118709616606, 49.598012704199611 ], [ 17.290682009615598, 49.598163204199928 ], [ 17.290265509615299, 49.598183104200061 ], [ 17.289959109615083, 49.598202704200119 ], [ 17.289821509615003, 49.598209704200094 ], [ 17.289675309614893, 49.598211604200181 ], [ 17.289534409614788, 49.598204604200234 ], [ 17.289362509614659, 49.598191104200232 ], [ 17.289180809614539, 49.598168104200269 ], [ 17.288837509614297, 49.598126404200308 ], [ 17.288667909614194, 49.598097404200281 ], [ 17.288057709613767, 49.597966104200324 ], [ 17.287932709613685, 49.597936204200352 ], [ 17.287808209613587, 49.597898304200349 ], [ 17.287260909613231, 49.597713404200306 ], [ 17.287121409613132, 49.597650004200318 ], [ 17.287078009613101, 49.597616704200306 ], [ 17.287054609613079, 49.597593804200308 ], [ 17.28703700961308, 49.597566804200234 ], [ 17.287016209613064, 49.597527004200245 ], [ 17.286999209613068, 49.597499304200277 ], [ 17.286977609613043, 49.597475804200187 ], [ 17.286961409613042, 49.597463604200165 ] ] } },
{ "type": "Feature", "properties": { "legend": "cyklostezka" }, "geometry": { "type": "LineString", "coordinates": [ [ 17.294139409618047, 49.59771060419898 ], [ 17.293941309617907, 49.597731504199004 ] ] } },
{ "type": "Feature", "properties": { "legend": "cyklostezka" }, "geometry": { "type": "LineString", "coordinates": [ [ 17.278171609607018, 49.595406104200478 ], [ 17.278340109607132, 49.595418804200484 ], [ 17.278455309607214, 49.595445304200396 ], [ 17.278552609607289, 49.595468204200444 ], [ 17.278687009607374, 49.595503304200449 ], [ 17.278867609607499, 49.595549104200479 ], [ 17.278995509607572, 49.595585604200387 ], [ 17.27909120960765, 49.595615404200437 ], [ 17.27916150960769, 49.595641204200476 ], [ 17.279206609607723, 49.595661104200502 ], [ 17.279286609607773, 49.59569750420048 ], [ 17.279377109607843, 49.595746204200466 ], [ 17.279455409607888, 49.595795704200512 ], [ 17.279503809607924, 49.595831804200522 ], [ 17.279585109607975, 49.595893904200565 ], [ 17.279737409608067, 49.59604000420066 ], [ 17.279771209608093, 49.596069104200652 ], [ 17.279813609608119, 49.596101204200693 ], [ 17.279849309608149, 49.596123604200635 ], [ 17.279953609608214, 49.596192304200663 ], [ 17.280127409608337, 49.596302104200774 ], [ 17.280199709608382, 49.596348004200721 ], [ 17.28026910960843, 49.596386504200801 ], [ 17.280347809608482, 49.596423204200782 ], [ 17.280424309608527, 49.596455204200808 ], [ 17.28052000960859, 49.596486504200769 ], [ 17.280588909608632, 49.596507504200815 ], [ 17.280667009608692, 49.596523404200774 ], [ 17.280734209608728, 49.596534904200773 ], [ 17.280801509608782, 49.596543204200763 ], [ 17.280877409608834, 49.596549504200752 ], [ 17.280960509608896, 49.596551804200786 ], [ 17.281025109608933, 49.596550704200801 ], [ 17.281113309609008, 49.596548004200727 ], [ 17.281228809609082, 49.596538304200656 ], [ 17.281350509609172, 49.596523804200665 ], [ 17.281539909609304, 49.596492904200609 ], [ 17.281730509609446, 49.596455504200506 ], [ 17.282010109609647, 49.596415004200388 ], [ 17.282250209609803, 49.59638840420039 ], [ 17.282361509609899, 49.596377504200355 ], [ 17.282510909609979, 49.596387404200307 ], [ 17.282704009610132, 49.596385304200275 ], [ 17.282952409610292, 49.596380704200293 ], [ 17.283130509610416, 49.596383104200235 ], [ 17.283315009610551, 49.596391404200169 ], [ 17.283469409610664, 49.596400804200158 ], [ 17.283631609610776, 49.596415304200157 ], [ 17.283779309610878, 49.596430404200113 ], [ 17.28397180961101, 49.59645630420011 ], [ 17.284470109611362, 49.59654460420002 ], [ 17.284650009611479, 49.596586104199993 ], [ 17.284827209611603, 49.596630504200043 ], [ 17.285137009611809, 49.596720104200017 ], [ 17.285340809611945, 49.596788604200043 ], [ 17.285605409612138, 49.596894204200098 ], [ 17.2857165096122, 49.596944304200079 ], [ 17.286188009612513, 49.597177004200162 ], [ 17.286368309612644, 49.597277804200182 ], [ 17.286482409612702, 49.597335804200256 ], [ 17.286547409612758, 49.59736790420019 ], [ 17.286649209612818, 49.597399904200245 ], [ 17.286719209612876, 49.597417504200131 ], [ 17.286904409612987, 49.597444704200186 ], [ 17.286925609613007, 49.597448604200267 ], [ 17.286961409613042, 49.597463604200165 ] ] } },
{ "type": "Feature", "properties": { "legend": "cyklostezka" }, "geometry": { "type": "LineString", "coordinates": [ [ 17.224205309569449, 49.589563604206887 ], [ 17.224213109569451, 49.58964190420695 ] ] } },
{ "type": "Feature", "properties": { "legend": "cyklostezka" }, "geometry": { "type": "LineString", "coordinates": [ [ 17.277036409606357, 49.593444704199314 ], [ 17.276941609606279, 49.593646904199538 ] ] } },
{ "type": "Feature", "properties": { "legend": "cyklostezka" }, "geometry": { "type": "LineString", "coordinates": [ [ 17.260493209594703, 49.594000004202933 ], [ 17.260224409594517, 49.59394000420297 ], [ 17.259724509594164, 49.59391970420306 ], [ 17.259481409593992, 49.593925004203058 ], [ 17.259158009593762, 49.593946204203235 ] ] } },
{ "type": "Feature", "properties": { "legend": "cyklostezka" }, "geometry": { "type": "LineString", "coordinates": [ [ 17.259158009593762, 49.593946204203235 ], [ 17.258767409593489, 49.593970304203282 ], [ 17.258629909593385, 49.593985404203323 ], [ 17.258253609593119, 49.594082704203466 ], [ 17.257545409592627, 49.594259704203679 ], [ 17.257119309592312, 49.594354504203835 ], [ 17.257019709592235, 49.59436770420389 ], [ 17.256916609592153, 49.594378604203968 ], [ 17.25686880959212, 49.594381104203961 ], [ 17.256574909591908, 49.594395004204038 ] ] } },
{ "type": "Feature", "properties": { "legend": "cyklostezka" }, "geometry": { "type": "LineString", "coordinates": [ [ 17.275982709605483, 49.595403304200886 ], [ 17.275826309605378, 49.595372604200939 ] ] } },
{ "type": "Feature", "properties": { "legend": "cyklostezka" }, "geometry": { "type": "LineString", "coordinates": [ [ 17.254920109591691, 49.580776404194822 ], [ 17.255506109592112, 49.580782204194634 ], [ 17.255897209592376, 49.580810004194625 ], [ 17.256274709592645, 49.580836404194564 ], [ 17.256338709592686, 49.580837704194543 ] ] } },
{ "type": "Feature", "properties": { "legend": "cyklostezka" }, "geometry": { "type": "LineString", "coordinates": [ [ 17.251282609589136, 49.58086680419553 ], [ 17.251455909589243, 49.58089660419553 ] ] } },
{ "type": "Feature", "properties": { "legend": "cyklostezka" }, "geometry": { "type": "LineString", "coordinates": [ [ 17.251455909589243, 49.58089660419553 ], [ 17.251494009589283, 49.580892304195551 ] ] } },
{ "type": "Feature", "properties": { "legend": "cyklostezka" }, "geometry": { "type": "LineString", "coordinates": [ [ 17.256702409592936, 49.580903804194541 ], [ 17.256695509592934, 49.580931104194612 ], [ 17.256685909592928, 49.580969304194603 ], [ 17.256673409592914, 49.581019204194604 ], [ 17.256644809592885, 49.581133104194706 ], [ 17.256625209592862, 49.581211004194785 ], [ 17.256621009592862, 49.581227604194787 ] ] } },
{ "type": "Feature", "properties": { "legend": "cyklostezka" }, "geometry": { "type": "LineString", "coordinates": [ [ 17.256459809592748, 49.581258604194787 ], [ 17.256498109592776, 49.581285404194837 ] ] } },
{ "type": "Feature", "properties": { "legend": "cyklostezka" }, "geometry": { "type": "LineString", "coordinates": [ [ 17.256592009592829, 49.581464404194925 ], [ 17.256596609592826, 49.581480804194968 ], [ 17.256599209592824, 49.581499204194934 ], [ 17.256582209592807, 49.581714704195065 ], [ 17.256587609592799, 49.581732504195138 ], [ 17.256596809592804, 49.58174750419515 ], [ 17.256620009592826, 49.58177950419514 ], [ 17.256626909592825, 49.581796504195168 ], [ 17.256625509592812, 49.581819604195175 ], [ 17.256623109592809, 49.581882704195223 ] ] } },
{ "type": "Feature", "properties": { "legend": "cyklostezka" }, "geometry": { "type": "LineString", "coordinates": [ [ 17.256623109592809, 49.581882704195223 ], [ 17.25672700959289, 49.581886904195215 ], [ 17.256861409592982, 49.581891504195177 ] ] } },
{ "type": "Feature", "properties": { "legend": "cyklostezka" }, "geometry": { "type": "LineString", "coordinates": [ [ 17.256623109592809, 49.581882704195223 ], [ 17.256609909592807, 49.581916004195222 ] ] } },
{ "type": "Feature", "properties": { "legend": "cyklostezka" }, "geometry": { "type": "LineString", "coordinates": [ [ 17.228553909573208, 49.579467304199007 ], [ 17.22817660957293, 49.579737804199212 ] ] } },
{ "type": "Feature", "properties": { "legend": "cyklostezka" }, "geometry": { "type": "LineString", "coordinates": [ [ 17.223742809568538, 49.597981004212876 ], [ 17.223808209568599, 49.597682904212739 ] ] } },
{ "type": "Feature", "properties": { "legend": "cyklostezka" }, "geometry": { "type": "LineString", "coordinates": [ [ 17.223585009568385, 49.598537104213371 ], [ 17.223602109568407, 49.598521504213309 ], [ 17.223617109568394, 49.598496804213319 ], [ 17.223627309568428, 49.598469904213324 ], [ 17.223742809568538, 49.597981004212876 ] ] } },
{ "type": "Feature", "properties": { "legend": "cyklostezka" }, "geometry": { "type": "LineString", "coordinates": [ [ 17.224464309569637, 49.589551204206884 ], [ 17.224466709569636, 49.589571604206903 ], [ 17.224485609569648, 49.589580304206898 ], [ 17.224695109569797, 49.589615304206838 ], [ 17.225269109570199, 49.589702504206784 ], [ 17.22563050957045, 49.589754204206791 ], [ 17.225755609570538, 49.589777204206769 ], [ 17.225826509570574, 49.589796704206755 ] ] } },
{ "type": "Feature", "properties": { "legend": "cyklostezka" }, "geometry": { "type": "LineString", "coordinates": [ [ 17.224205309569449, 49.589563604206887 ], [ 17.224367209569554, 49.58955650420689 ], [ 17.224464309569637, 49.589551204206884 ] ] } },
{ "type": "Feature", "properties": { "legend": "cyklostezka" }, "geometry": { "type": "LineString", "coordinates": [ [ 17.224188509569814, 49.584025304203045 ], [ 17.224160309569797, 49.584020804203028 ], [ 17.224130309569766, 49.584015904203071 ] ] } },
{ "type": "Feature", "properties": { "legend": "cyklostezka" }, "geometry": { "type": "LineString", "coordinates": [ [ 17.225611509570815, 49.584104704202844 ], [ 17.22487840957033, 49.583882904202781 ], [ 17.224583909570111, 49.583807404202794 ] ] } },
{ "type": "Feature", "properties": { "legend": "cyklostezka" }, "geometry": { "type": "LineString", "coordinates": [ [ 17.223430009569313, 49.583650304202877 ], [ 17.223845809569585, 49.583776604202903 ], [ 17.223873809569604, 49.58378810420291 ] ] } },
{ "type": "Feature", "properties": { "legend": "cyklostezka" }, "geometry": { "type": "LineString", "coordinates": [ [ 17.246027909584576, 49.593101904205163 ], [ 17.245973009584542, 49.593101904205191 ], [ 17.245926409584513, 49.59309970420518 ] ] } },
{ "type": "Feature", "properties": { "legend": "cyklostezka" }, "geometry": { "type": "LineString", "coordinates": [ [ 17.245926409584513, 49.59309970420518 ], [ 17.245560609584267, 49.593062104205231 ], [ 17.245376709584143, 49.593043604205207 ], [ 17.245256709584041, 49.593037104205258 ] ] } },
{ "type": "Feature", "properties": { "legend": "cyklostezka" }, "geometry": { "type": "LineString", "coordinates": [ [ 17.245738909584535, 49.590888504203654 ], [ 17.245366409584268, 49.591125204203884 ], [ 17.244927909583929, 49.591413804204173 ], [ 17.244629109583702, 49.591723004204439 ], [ 17.244545209583634, 49.591916704204657 ], [ 17.244522509583586, 49.59211010420475 ], [ 17.244510809583574, 49.592189104204841 ] ] } },
{ "type": "Feature", "properties": { "legend": "cyklostezka" }, "geometry": { "type": "LineString", "coordinates": [ [ 17.232310609574832, 49.59433330420871 ], [ 17.232404609574917, 49.594019304208473 ], [ 17.232370509574899, 49.593936104208431 ] ] } },
{ "type": "Feature", "properties": { "legend": "cyklostezka" }, "geometry": { "type": "LineString", "coordinates": [ [ 17.232420809574958, 49.593767104208233 ], [ 17.232434109574964, 49.593738804208265 ], [ 17.232454509574978, 49.593719104208247 ], [ 17.232482209574997, 49.593705404208279 ], [ 17.232518109575025, 49.593689104208202 ], [ 17.232538709575039, 49.593669604208202 ] ] } },
{ "type": "Feature", "properties": { "legend": "cyklostezka" }, "geometry": { "type": "LineString", "coordinates": [ [ 17.230868809574069, 49.590581904206338 ], [ 17.230903009574106, 49.590598404206361 ], [ 17.230974309574144, 49.590652904206337 ], [ 17.231017709574175, 49.590687004206387 ], [ 17.231095309574229, 49.590747904206388 ], [ 17.231360209574405, 49.590961004206527 ], [ 17.23141260957442, 49.591000904206524 ], [ 17.2315061095745, 49.591072104206567 ], [ 17.231600209574548, 49.591132804206602 ] ] } },
{ "type": "Feature", "properties": { "legend": "cyklostezka" }, "geometry": { "type": "LineString", "coordinates": [ [ 17.2285955095725, 49.59023400420655 ], [ 17.228636509572524, 49.590240204206538 ], [ 17.229236609572947, 49.590329604206495 ], [ 17.22987400957339, 49.59042410420642 ], [ 17.229887009573403, 49.590426104206379 ], [ 17.229935709573425, 49.590431404206477 ], [ 17.2301884095736, 49.590471904206382 ], [ 17.230840109574057, 49.590576504206332 ], [ 17.230868809574069, 49.590581904206338 ] ] } },
{ "type": "Feature", "properties": { "legend": "cyklostezka" }, "geometry": { "type": "LineString", "coordinates": [ [ 17.226586109571478, 49.584412904202821 ], [ 17.226608209571491, 49.584474204202891 ], [ 17.22725520957194, 49.584671504202909 ], [ 17.227394909572038, 49.584714104202909 ], [ 17.228174209572561, 49.584952204202956 ], [ 17.228329209572674, 49.584997404202909 ], [ 17.230509809574166, 49.585658604202926 ], [ 17.232118509575255, 49.586146404202992 ], [ 17.232792309575736, 49.586327904202967 ], [ 17.232931509575824, 49.586373604202983 ], [ 17.233423509576156, 49.58652840420298 ], [ 17.234532909576913, 49.586878504202993 ], [ 17.235468409577553, 49.587162104203017 ], [ 17.235513509577594, 49.587175904203036 ], [ 17.235644809577682, 49.587213604203107 ], [ 17.235789209577778, 49.587252304203041 ], [ 17.235973709577909, 49.587295504203041 ], [ 17.236541409578294, 49.587416304203067 ], [ 17.237141109578719, 49.587540704202894 ], [ 17.237164109578732, 49.587542404202949 ], [ 17.237195009578745, 49.587537904203018 ], [ 17.237243609578776, 49.587529404202947 ], [ 17.237294809578824, 49.587526304202967 ], [ 17.237299409578828, 49.587526504202884 ], [ 17.237333109578845, 49.587528104202967 ], [ 17.237389609578873, 49.587538504202939 ], [ 17.237622409579046, 49.587582604202986 ], [ 17.237715309579105, 49.587600204202964 ], [ 17.237841809579201, 49.587627004202922 ] ] } },
{ "type": "Feature", "properties": { "legend": "cyklostezka" }, "geometry": { "type": "LineString", "coordinates": [ [ 17.237761309579124, 49.587805704203042 ], [ 17.237829409579177, 49.587826004203073 ] ] } },
{ "type": "Feature", "properties": { "legend": "cyklostezka" }, "geometry": { "type": "LineString", "coordinates": [ [ 17.237133609578688, 49.587682604203088 ], [ 17.237168809578712, 49.587689504203055 ] ] } },
{ "type": "Feature", "properties": { "legend": "cyklostezka" }, "geometry": { "type": "LineString", "coordinates": [ [ 17.237133609578688, 49.587682604203088 ], [ 17.237122009578684, 49.587650204203072 ], [ 17.237090509578682, 49.587612304203063 ], [ 17.237051909578629, 49.587594504203075 ], [ 17.236667109578381, 49.58751760420305 ], [ 17.236083309577982, 49.587400804203078 ], [ 17.235923709577861, 49.587367204203105 ], [ 17.235691709577697, 49.587308404203135 ], [ 17.235413509577516, 49.587226204203141 ], [ 17.234699009577024, 49.58700940420308 ], [ 17.234154809576648, 49.586846204203098 ], [ 17.234074909576599, 49.586822304203054 ], [ 17.233892909576479, 49.58676580420309 ], [ 17.233733409576367, 49.586716204203086 ], [ 17.233202609576011, 49.586555404203054 ], [ 17.232876609575783, 49.586456604203079 ], [ 17.232068609575233, 49.586211504203057 ], [ 17.230895709574437, 49.585856304202991 ], [ 17.230725009574307, 49.585824004203047 ], [ 17.230454809574123, 49.585742504203061 ], [ 17.230061609573845, 49.585623704203037 ], [ 17.229476909573464, 49.585447104202984 ], [ 17.229432009573415, 49.585433504203039 ], [ 17.228116909572513, 49.585034604202995 ], [ 17.227963809572415, 49.584987104202995 ], [ 17.227823309572315, 49.584944404202979 ], [ 17.227336809571984, 49.584798004203002 ], [ 17.226916709571704, 49.584671604202931 ], [ 17.226850609571663, 49.584651904203 ], [ 17.226702209571553, 49.584607704202938 ], [ 17.226668709571527, 49.584607004203008 ], [ 17.226648309571519, 49.58461100420292 ], [ 17.226622909571486, 49.584623504202938 ], [ 17.226602209571471, 49.584631004202969 ], [ 17.226568009571462, 49.584634304202957 ], [ 17.226544609571445, 49.58463140420298 ], [ 17.226505109571413, 49.584619604203013 ], [ 17.226387709571327, 49.584584204203033 ], [ 17.226225209571215, 49.584535304202966 ], [ 17.225340109570617, 49.58426870420292 ], [ 17.2247435095702, 49.584089204202996 ], [ 17.224455109569998, 49.583997604202992 ] ] } },
{ "type": "Feature", "properties": { "legend": "cyklostezka" }, "geometry": { "type": "LineString", "coordinates": [ [ 17.237168809578712, 49.587689504203055 ], [ 17.237761309579124, 49.587805704203042 ] ] } },
{ "type": "Feature", "properties": { "legend": "cyklostezka" }, "geometry": { "type": "LineString", "coordinates": [ [ 17.237882809579222, 49.587836404203038 ], [ 17.237946609579257, 49.587847004203049 ], [ 17.238015009579318, 49.587858404202983 ] ] } },
{ "type": "Feature", "properties": { "legend": "cyklostezka" }, "geometry": { "type": "LineString", "coordinates": [ [ 17.236494909578045, 49.590636604205265 ], [ 17.236247509577872, 49.5907770042054 ] ] } },
{ "type": "Feature", "properties": { "legend": "cyklostezka" }, "geometry": { "type": "LineString", "coordinates": [ [ 17.236247509577872, 49.5907770042054 ], [ 17.235792409577517, 49.591055804205702 ], [ 17.235394209577223, 49.591287004205974 ], [ 17.235344309577187, 49.591315304206006 ] ] } },
{ "type": "Feature", "properties": { "legend": "cyklostezka" }, "geometry": { "type": "LineString", "coordinates": [ [ 17.236918009578361, 49.590397104205003 ], [ 17.23681860957829, 49.590455304205058 ], [ 17.236494909578045, 49.590636604205265 ] ] } },
{ "type": "Feature", "properties": { "legend": "cyklostezka" }, "geometry": { "type": "LineString", "coordinates": [ [ 17.237928709579105, 49.589714504204409 ], [ 17.23782040957904, 49.589790404204464 ], [ 17.237707209578943, 49.589869604204537 ], [ 17.237278909578617, 49.590185504204761 ], [ 17.236918009578361, 49.590397104205003 ] ] } },
{ "type": "Feature", "properties": { "legend": "cyklostezka" }, "geometry": { "type": "LineString", "coordinates": [ [ 17.228255609572628, 49.584928204202882 ], [ 17.228174209572561, 49.584952204202956 ], [ 17.228145409572544, 49.584993404202919 ] ] } },
{ "type": "Feature", "properties": { "legend": "cyklostezka" }, "geometry": { "type": "LineString", "coordinates": [ [ 17.238824909579812, 49.58894710420364 ], [ 17.238640209579653, 49.589117704203836 ], [ 17.238340509579416, 49.589406604204115 ], [ 17.238303809579399, 49.589438804204093 ], [ 17.238261309579368, 49.589464504204152 ], [ 17.238191809579316, 49.589497304204144 ], [ 17.238153109579287, 49.589521004204194 ], [ 17.238087209579238, 49.589574004204223 ], [ 17.238057509579217, 49.589621904204272 ], [ 17.238040609579198, 49.589636604204301 ], [ 17.238014909579178, 49.589656704204309 ], [ 17.237928709579105, 49.589714504204409 ] ] } },
{ "type": "Feature", "properties": { "legend": "cyklostezka" }, "geometry": { "type": "LineString", "coordinates": [ [ 17.22817660957293, 49.579737804199212 ], [ 17.22801730957281, 49.57985140419941 ] ] } },
{ "type": "Feature", "properties": { "legend": "cyklostezka" }, "geometry": { "type": "LineString", "coordinates": [ [ 17.227963909572765, 49.579889804199439 ], [ 17.227767309572616, 49.580027204199524 ] ] } },
{ "type": "Feature", "properties": { "legend": "cyklostezka" }, "geometry": { "type": "LineString", "coordinates": [ [ 17.227767309572616, 49.580027204199524 ], [ 17.227320409572279, 49.580340004199876 ] ] } },
{ "type": "Feature", "properties": { "legend": "cyklostezka" }, "geometry": { "type": "LineString", "coordinates": [ [ 17.227320409572279, 49.580340004199876 ], [ 17.227290709572266, 49.580360504199831 ], [ 17.227260609572234, 49.580383404199907 ] ] } },
{ "type": "Feature", "properties": { "legend": "cyklostezka" }, "geometry": { "type": "LineString", "coordinates": [ [ 17.227260609572234, 49.580383404199907 ], [ 17.226681209571804, 49.580812904200286 ] ] } },
{ "type": "Feature", "properties": { "legend": "cyklostezka" }, "geometry": { "type": "LineString", "coordinates": [ [ 17.226681209571804, 49.580812904200286 ], [ 17.226605309571738, 49.580870904200388 ] ] } },
{ "type": "Feature", "properties": { "legend": "cyklostezka" }, "geometry": { "type": "LineString", "coordinates": [ [ 17.230791209574544, 49.583110704201118 ], [ 17.23057050957437, 49.58326450420126 ], [ 17.230063009573975, 49.583626104201656 ], [ 17.228255609572628, 49.584928204202882 ] ] } },
{ "type": "Feature", "properties": { "legend": "cyklostezka" }, "geometry": { "type": "LineString", "coordinates": [ [ 17.247787909587394, 49.570398704188854 ], [ 17.247817909587408, 49.570385104188837 ], [ 17.247860609587445, 49.570375304188822 ], [ 17.248170109587658, 49.570337304188776 ], [ 17.248274009587728, 49.570322104188797 ] ] } },
{ "type": "Feature", "properties": { "legend": "cyklostezka" }, "geometry": { "type": "LineString", "coordinates": [ [ 17.253895609591442, 49.573872704190109 ], [ 17.254306709591742, 49.573874804190027 ] ] } },
{ "type": "Feature", "properties": { "legend": "cyklostezka" }, "geometry": { "type": "LineString", "coordinates": [ [ 17.254306709591742, 49.573874804190027 ], [ 17.254619809591958, 49.573895204190023 ] ] } },
{ "type": "Feature", "properties": { "legend": "cyklostezka" }, "geometry": { "type": "LineString", "coordinates": [ [ 17.250469209588847, 49.576697704192767 ], [ 17.250483909588855, 49.576723804192767 ], [ 17.250493709588863, 49.576737604192836 ], [ 17.25050920958887, 49.576755904192815 ], [ 17.250524309588876, 49.576768804192838 ], [ 17.250560709588893, 49.576794204192886 ], [ 17.250618109588938, 49.576833304192895 ] ] } },
{ "type": "Feature", "properties": { "legend": "cyklostezka" }, "geometry": { "type": "LineString", "coordinates": [ [ 17.250618109588938, 49.576833304192895 ], [ 17.250795809589054, 49.576952704192898 ], [ 17.250826509589078, 49.576971604192934 ] ] } },
{ "type": "Feature", "properties": { "legend": "cyklostezka" }, "geometry": { "type": "LineString", "coordinates": [ [ 17.249762409588346, 49.576670104192942 ], [ 17.249777409588358, 49.576670604192898 ], [ 17.250062309588557, 49.576689904192861 ], [ 17.250111209588596, 49.576693404192852 ], [ 17.250264409588706, 49.576702104192826 ], [ 17.250287609588721, 49.576702804192813 ], [ 17.250310909588741, 49.576702804192792 ], [ 17.250334909588755, 49.576702204192827 ], [ 17.25036240958876, 49.576700404192863 ], [ 17.250442709588832, 49.576697604192788 ], [ 17.250469209588847, 49.576697704192767 ] ] } },
{ "type": "Feature", "properties": { "legend": "cyklostezka" }, "geometry": { "type": "LineString", "coordinates": [ [ 17.249040809587854, 49.576622404192975 ], [ 17.249482309588153, 49.576651104192997 ], [ 17.249762409588346, 49.576670104192942 ] ] } },
{ "type": "Feature", "properties": { "legend": "cyklostezka" }, "geometry": { "type": "LineString", "coordinates": [ [ 17.2481319095873, 49.575244404192226 ], [ 17.248135009587301, 49.575336604192273 ], [ 17.248144409587301, 49.575354704192328 ], [ 17.248151509587302, 49.575371604192298 ], [ 17.248155809587296, 49.575386504192309 ], [ 17.248160309587316, 49.575408904192273 ], [ 17.248198909587309, 49.575744204192517 ], [ 17.248257309587313, 49.576257504192881 ] ] } },
{ "type": "Feature", "properties": { "legend": "cyklostezka" }, "geometry": { "type": "LineString", "coordinates": [ [ 17.249040809587854, 49.576622404192975 ], [ 17.249023309587834, 49.576621304193033 ], [ 17.248786609587658, 49.576602904193074 ], [ 17.24875590958764, 49.576599804193016 ] ] } },
{ "type": "Feature", "properties": { "legend": "cyklostezka" }, "geometry": { "type": "LineString", "coordinates": [ [ 17.24875590958764, 49.576599804193016 ], [ 17.24873710958763, 49.576597204193043 ], [ 17.248720409587627, 49.576594304193058 ], [ 17.248704309587612, 49.576589604193011 ], [ 17.248690509587597, 49.576583304193043 ], [ 17.248676709587599, 49.576576204193067 ], [ 17.248568909587515, 49.576514304192983 ], [ 17.248548809587501, 49.576500404193077 ] ] } },
{ "type": "Feature", "properties": { "legend": "cyklostezka" }, "geometry": { "type": "LineString", "coordinates": [ [ 17.255539409592345, 49.577591304192431 ], [ 17.255961509592652, 49.57761610419233 ], [ 17.256076409592719, 49.577622204192338 ], [ 17.256135509592774, 49.577627204192304 ] ] } },
{ "type": "Feature", "properties": { "legend": "cyklostezka" }, "geometry": { "type": "LineString", "coordinates": [ [ 17.261579209596295, 49.581815604194212 ], [ 17.261641509596352, 49.581827004194174 ] ] } },
{ "type": "Feature", "properties": { "legend": "cyklostezka" }, "geometry": { "type": "LineString", "coordinates": [ [ 17.241296909582104, 49.580764504197397 ], [ 17.240947009581852, 49.580835804197591 ] ] } },
{ "type": "Feature", "properties": { "legend": "cyklostezka" }, "geometry": { "type": "LineString", "coordinates": [ [ 17.242065609582625, 49.581193504197607 ], [ 17.242015209582583, 49.581197704197578 ], [ 17.241514409582248, 49.580874904197522 ], [ 17.24132870958212, 49.580757104197438 ], [ 17.241296909582104, 49.580764504197397 ] ] } },
{ "type": "Feature", "properties": { "legend": "cyklostezka" }, "geometry": { "type": "LineString", "coordinates": [ [ 17.257390409593651, 49.577719504192167 ], [ 17.257372009593631, 49.577723004192165 ], [ 17.257323909593605, 49.577733604192133 ], [ 17.25726740959356, 49.577745304192177 ], [ 17.257246209593543, 49.577751504192193 ], [ 17.257233709593528, 49.577757804192224 ], [ 17.257218309593522, 49.577768304192226 ], [ 17.257199609593513, 49.577789404192266 ], [ 17.257191409593503, 49.577803504192261 ], [ 17.257185309593496, 49.577817004192262 ] ] } },
{ "type": "Feature", "properties": { "legend": "cyklostezka" }, "geometry": { "type": "LineString", "coordinates": [ [ 17.223291609568111, 49.599406104213962 ], [ 17.223418709568236, 49.598938104213687 ], [ 17.223412109568248, 49.598893604213579 ], [ 17.223445309568266, 49.598780204213583 ], [ 17.223468809568292, 49.598678904213401 ], [ 17.2234780095683, 49.598655304213409 ], [ 17.223492609568318, 49.59861830421341 ], [ 17.223506009568332, 49.598597904213378 ], [ 17.223524909568344, 49.59857780421337 ], [ 17.223554509568363, 49.598555804213355 ], [ 17.223585009568385, 49.598537104213371 ] ] } },
{ "type": "Feature", "properties": { "legend": "cyklostezka" }, "geometry": { "type": "LineString", "coordinates": [ [ 17.290215509617397, 49.567513304178576 ], [ 17.290131309617326, 49.567493204178639 ], [ 17.290026709617255, 49.567474404178583 ], [ 17.289840509617125, 49.567441804178614 ], [ 17.289632109616978, 49.567393704178642 ] ] } },
{ "type": "Feature", "properties": { "legend": "cyklostezka" }, "geometry": { "type": "LineString", "coordinates": [ [ 17.291414609618172, 49.568306304178897 ], [ 17.291402309618167, 49.568247304178911 ], [ 17.291415409618175, 49.568209604178854 ], [ 17.291445909618194, 49.568167404178794 ], [ 17.291452009618204, 49.568129104178787 ], [ 17.291442509618207, 49.568093804178751 ], [ 17.291412109618186, 49.568067104178695 ], [ 17.291370509618147, 49.568043304178786 ], [ 17.291010409617922, 49.567860704178635 ], [ 17.290515609617589, 49.567624804178621 ], [ 17.290371509617486, 49.567562004178662 ], [ 17.290300909617454, 49.567538104178517 ], [ 17.290215509617397, 49.567513304178576 ] ] } },
{ "type": "Feature", "properties": { "legend": "cyklostezka" }, "geometry": { "type": "LineString", "coordinates": [ [ 17.289632109616978, 49.567393704178642 ], [ 17.289513209616892, 49.56736490417866 ], [ 17.289317409616775, 49.567311104178643 ], [ 17.28889180961648, 49.567188604178611 ], [ 17.28853470961624, 49.567080204178623 ], [ 17.288157609615986, 49.566971504178653 ], [ 17.288077009615922, 49.566951904178559 ], [ 17.288019709615892, 49.566942804178623 ], [ 17.287969809615849, 49.566939604178629 ], [ 17.287916409615814, 49.566939004178657 ], [ 17.287844109615779, 49.566944004178637 ], [ 17.287652809615633, 49.566962004178713 ], [ 17.287313909615385, 49.566992204178803 ], [ 17.287042809615187, 49.567006404178912 ], [ 17.286653009614923, 49.567006404178947 ], [ 17.286324809614698, 49.566997604178958 ], [ 17.285703609614263, 49.566969604179121 ], [ 17.285652109614229, 49.56696730417913 ], [ 17.285380809614033, 49.566955804179159 ], [ 17.285069009613817, 49.566954604179209 ], [ 17.284751809613592, 49.566971504179314 ], [ 17.284457109613385, 49.566995504179374 ], [ 17.283887209612985, 49.567054704179505 ], [ 17.283638409612809, 49.567075404179569 ], [ 17.283375309612619, 49.567081904179652 ], [ 17.283108709612439, 49.567075704179629 ], [ 17.282932709612322, 49.567064804179651 ], [ 17.282580809612078, 49.567022504179754 ], [ 17.282364209611927, 49.566977204179707 ], [ 17.282194309611814, 49.566934004179693 ], [ 17.282006009611681, 49.566871704179796 ], [ 17.281858609611575, 49.566813004179771 ], [ 17.281645609611438, 49.566714904179712 ], [ 17.28145130961131, 49.566611204179694 ], [ 17.281158509611114, 49.566465804179629 ], [ 17.28094560961096, 49.566545404179742 ], [ 17.280792409610847, 49.566609904179771 ], [ 17.280634309610729, 49.566699904179877 ], [ 17.280521709610642, 49.566777904180007 ], [ 17.280417209610558, 49.566875704180042 ], [ 17.2803326096105, 49.566991004180132 ], [ 17.280283609610443, 49.567090404180249 ], [ 17.28025700961043, 49.567184104180257 ], [ 17.280246909610423, 49.567286004180396 ], [ 17.2802368096104, 49.567419104180466 ], [ 17.280202509610344, 49.56779650418077 ], [ 17.280180609610312, 49.568115204180991 ], [ 17.280165209610285, 49.568304904181105 ], [ 17.280147909610271, 49.568435804181163 ], [ 17.280122109610243, 49.568551904181319 ], [ 17.280080609610195, 49.568669204181425 ], [ 17.280028309610167, 49.568784904181449 ], [ 17.279979709610114, 49.568883404181577 ], [ 17.27991160961006, 49.568994104181662 ], [ 17.279864209610022, 49.569060004181729 ], [ 17.27981130960999, 49.569133604181751 ], [ 17.27978740960997, 49.569163104181797 ], [ 17.279748009609939, 49.569211804181833 ], [ 17.27967970960988, 49.569285504181906 ], [ 17.279606309609807, 49.569352404181991 ], [ 17.279518109609761, 49.569438104182012 ], [ 17.279436509609685, 49.569516504182083 ], [ 17.27937760960965, 49.569582704182153 ], [ 17.279328609609603, 49.569646604182218 ], [ 17.279295409609574, 49.569728504182287 ], [ 17.279283509609559, 49.569812204182355 ], [ 17.279268209609551, 49.569937104182394 ], [ 17.279243209609511, 49.570120904182566 ], [ 17.279186709609448, 49.570603504182884 ], [ 17.279125409609346, 49.571326404183445 ], [ 17.279120609609343, 49.571397804183448 ], [ 17.279120309609329, 49.571477004183556 ], [ 17.279124209609325, 49.571534004183526 ], [ 17.279133509609334, 49.571581804183552 ], [ 17.279238809609378, 49.572128204183983 ], [ 17.279248309609368, 49.572226404184072 ], [ 17.279247909609367, 49.572330604184138 ], [ 17.279245209609343, 49.572483204184216 ], [ 17.279228409609296, 49.573224504184694 ], [ 17.279216209609292, 49.573278604184758 ], [ 17.279185909609254, 49.573313104184848 ], [ 17.279120709609209, 49.573400604184847 ], [ 17.279103109609185, 49.573417704184919 ], [ 17.279078709609177, 49.573423904184914 ], [ 17.27904900960916, 49.573430204184866 ] ] } },
{ "type": "Feature", "properties": { "legend": "cyklostezka" }, "geometry": { "type": "LineString", "coordinates": [ [ 17.248093109586595, 49.584973904199053 ], [ 17.248106109586608, 49.585014404199114 ], [ 17.248107309586626, 49.585034004199123 ], [ 17.248113309586611, 49.585043704199109 ], [ 17.248129209586619, 49.585050204199092 ], [ 17.248499509586878, 49.585080804199059 ], [ 17.248925309587186, 49.585114304199003 ], [ 17.248990109587218, 49.585122304199018 ], [ 17.249093809587297, 49.585154604198983 ] ] } },
{ "type": "Feature", "properties": { "legend": "cyklostezka" }, "geometry": { "type": "LineString", "coordinates": [ [ 17.207333209559927, 49.554307704185469 ], [ 17.20718290955983, 49.554272704185429 ], [ 17.207086609559752, 49.554197004185376 ], [ 17.202899309557068, 49.550163304183364 ], [ 17.202757309556969, 49.55005210418328 ], [ 17.202687709556912, 49.550012704183338 ], [ 17.202578809556847, 49.549975104183318 ], [ 17.201029809555791, 49.549508204183311 ], [ 17.200953409555726, 49.549477904183313 ], [ 17.200904509555695, 49.549435804183304 ], [ 17.19897120955449, 49.547072904181952 ], [ 17.197231309553398, 49.544958204180823 ], [ 17.197180409553358, 49.544893204180752 ], [ 17.197151109553346, 49.544857504180726 ], [ 17.193774809551226, 49.540759204178478 ], [ 17.193745809551213, 49.54072400417845 ] ] } },
{ "type": "Feature", "properties": { "legend": "cyklostezka" }, "geometry": { "type": "LineString", "coordinates": [ [ 17.279185909609254, 49.573313104184848 ], [ 17.279051409609153, 49.573332704184899 ] ] } },
{ "type": "Feature", "properties": { "legend": "cyklostezka" }, "geometry": { "type": "LineString", "coordinates": [ [ 17.267281209599211, 49.597629604204165 ], [ 17.267305309599227, 49.59763480420424 ], [ 17.267930509599655, 49.597782304204181 ] ] } },
{ "type": "Feature", "properties": { "legend": "cyklostezka" }, "geometry": { "type": "LineString", "coordinates": [ [ 17.269134509600185, 49.602386704207156 ], [ 17.269425709600405, 49.602159604206904 ], [ 17.269961009600799, 49.601775404206577 ] ] } },
{ "type": "Feature", "properties": { "legend": "cyklostezka" }, "geometry": { "type": "LineString", "coordinates": [ [ 17.251484609588612, 49.590589604202286 ], [ 17.251544809588644, 49.590628004202344 ], [ 17.25158900958867, 49.590655904202386 ] ] } },
{ "type": "Feature", "properties": { "legend": "cyklostezka" }, "geometry": { "type": "LineString", "coordinates": [ [ 17.266528109599072, 49.592130904200495 ], [ 17.266919709599332, 49.592387904200606 ], [ 17.267053209599418, 49.592484104200658 ], [ 17.26720850959952, 49.592577104200636 ], [ 17.267268109599549, 49.592622504200691 ], [ 17.267349309599609, 49.592699904200757 ], [ 17.267399009599632, 49.592762204200746 ], [ 17.267457809599669, 49.592853004200748 ], [ 17.267510009599704, 49.592975004200881 ] ] } },
{ "type": "Feature", "properties": { "legend": "cyklostezka" }, "geometry": { "type": "LineString", "coordinates": [ [ 17.266182709598841, 49.591890604200394 ], [ 17.266122809598816, 49.591850204200327 ], [ 17.266030509598746, 49.591781604200307 ], [ 17.265978209598714, 49.591753904200381 ], [ 17.265930009598677, 49.591736404200304 ], [ 17.265845109598622, 49.591708804200309 ], [ 17.26579220959858, 49.591678104200305 ], [ 17.265745609598561, 49.591636504200231 ], [ 17.265668709598511, 49.59153950420022 ], [ 17.265616309598467, 49.591498804200221 ], [ 17.265354209598311, 49.591328104200151 ], [ 17.265327509598297, 49.591265104200026 ], [ 17.265156109598177, 49.591131204200096 ], [ 17.264997809598075, 49.591011904200016 ], [ 17.264966509598047, 49.590977504200019 ], [ 17.264951209598046, 49.590940304199961 ], [ 17.264935909598044, 49.590915004199957 ] ] } },
{ "type": "Feature", "properties": { "legend": "cyklostezka" }, "geometry": { "type": "LineString", "coordinates": [ [ 17.263217609597454, 49.581939104193964 ], [ 17.263252709597484, 49.581873104193889 ], [ 17.263279109597498, 49.581818004193877 ], [ 17.263302809597523, 49.581761604193829 ], [ 17.263324209597545, 49.581687204193756 ] ] } },
{ "type": "Feature", "properties": { "legend": "cyklostezka" }, "geometry": { "type": "LineString", "coordinates": [ [ 17.267359309599282, 49.597473104203992 ], [ 17.267388409599302, 49.597480804204061 ], [ 17.267992509599708, 49.597623604204031 ] ] } },
{ "type": "Feature", "properties": { "legend": "cyklostezka" }, "geometry": { "type": "LineString", "coordinates": [ [ 17.260949209595282, 49.59034020420026 ], [ 17.260908109595256, 49.590327704200298 ], [ 17.260889309595235, 49.590326804200338 ], [ 17.260876909595225, 49.590324104200342 ], [ 17.26085670959521, 49.590316704200298 ], [ 17.260834809595192, 49.590305904200328 ], [ 17.26082190959519, 49.590294904200306 ], [ 17.260805009595185, 49.590277404200314 ], [ 17.260773009595169, 49.59024000420024 ], [ 17.260657209595092, 49.59010300420023 ], [ 17.260606009595051, 49.590041004200167 ], [ 17.260518409594997, 49.589936704200063 ], [ 17.260492509594979, 49.589906104200089 ], [ 17.260471509594975, 49.589875604200039 ], [ 17.260458509594962, 49.589848304200054 ], [ 17.260451609594966, 49.589822404200014 ] ] } },
{ "type": "Feature", "properties": { "legend": "cyklostezka" }, "geometry": { "type": "LineString", "coordinates": [ [ 17.265969909598788, 49.59040580419942 ], [ 17.265946809598773, 49.590498804199434 ], [ 17.265949809598766, 49.590614604199537 ], [ 17.265983709598778, 49.590732504199565 ], [ 17.266080909598823, 49.590831804199709 ], [ 17.266205409598928, 49.590917004199724 ], [ 17.266290909598993, 49.590974604199687 ], [ 17.266493809599115, 49.591098704199794 ], [ 17.266620309599205, 49.591175604199826 ], [ 17.266741809599274, 49.591253004199771 ], [ 17.266828309599333, 49.591314804199875 ], [ 17.267085009599512, 49.591493904199936 ], [ 17.267340609599675, 49.591659704199998 ], [ 17.267634409599861, 49.591836204200071 ], [ 17.267684909599904, 49.591866104200029 ], [ 17.267725509599934, 49.591885704200024 ], [ 17.267760009599957, 49.591897004200028 ], [ 17.267820209599996, 49.591908004200072 ], [ 17.267881309600028, 49.591917704200078 ], [ 17.267937309600072, 49.591924204200069 ], [ 17.26799070960011, 49.59192610420007 ], [ 17.268044409600147, 49.591925404200026 ], [ 17.268093509600185, 49.591922404199998 ], [ 17.268155409600226, 49.591913904200013 ], [ 17.268212809600268, 49.591904104199976 ], [ 17.268297509600323, 49.591881504199989 ] ] } },
{ "type": "Feature", "properties": { "legend": "cyklostezka" }, "geometry": { "type": "LineString", "coordinates": [ [ 17.249899009585832, 49.614106504219095 ], [ 17.249919409585857, 49.614120704219083 ], [ 17.249934509585863, 49.614138304219118 ], [ 17.249941709585876, 49.614160304219119 ], [ 17.249930509585862, 49.614186904219132 ], [ 17.249894609585837, 49.614210804219169 ] ] } },
{ "type": "Feature", "properties": { "legend": "cyklostezka" }, "geometry": { "type": "LineString", "coordinates": [ [ 17.296672509621757, 49.569820404178941 ], [ 17.296583709621672, 49.569973304179094 ], [ 17.296574409621677, 49.569981104179142 ], [ 17.296562709621668, 49.569984404179074 ], [ 17.296546909621647, 49.56998550417908 ], [ 17.296528509621638, 49.56998080417911 ], [ 17.296508709621627, 49.570012304179137 ], [ 17.296479009621592, 49.570069304179192 ], [ 17.29647880962159, 49.570087504179213 ], [ 17.29631840962147, 49.570352404179353 ], [ 17.296260209621419, 49.570447104179472 ], [ 17.295970809621185, 49.570924504179828 ] ] } },
{ "type": "Feature", "properties": { "legend": "cyklostezka" }, "geometry": { "type": "LineString", "coordinates": [ [ 17.2683972096, 49.59765180420397 ], [ 17.268389709600001, 49.597672104203994 ], [ 17.268388009600002, 49.597689404204012 ], [ 17.268394009599994, 49.597709204204037 ], [ 17.268411309600001, 49.597727804204055 ], [ 17.268437009600017, 49.597745304204004 ] ] } },
{ "type": "Feature", "properties": { "legend": "cyklostezka" }, "geometry": { "type": "LineString", "coordinates": [ [ 17.268252109599903, 49.597611904203973 ], [ 17.268286909599922, 49.597620404203951 ], [ 17.26831670959994, 49.597627804203995 ] ] } },
{ "type": "Feature", "properties": { "legend": "cyklostezka" }, "geometry": { "type": "LineString", "coordinates": [ [ 17.268333009599942, 49.59791630420419 ], [ 17.268212709599847, 49.597918104204204 ], [ 17.268124509599783, 49.597900804204173 ] ] } },
{ "type": "Feature", "properties": { "legend": "cyklostezka" }, "geometry": { "type": "LineString", "coordinates": [ [ 17.268393609599983, 49.597817704204097 ], [ 17.268377509599976, 49.597843904204097 ], [ 17.268358609599954, 49.597874704204202 ] ] } },
{ "type": "Feature", "properties": { "legend": "cyklostezka" }, "geometry": { "type": "LineString", "coordinates": [ [ 17.263369109597544, 49.582153304194065 ], [ 17.263407909597571, 49.582161904194095 ], [ 17.263457809597615, 49.582171304194105 ], [ 17.263501509597621, 49.582175604194106 ], [ 17.263612609597704, 49.582184504194032 ], [ 17.263669209597751, 49.582192304194045 ], [ 17.265017709598695, 49.582443804193943 ], [ 17.265440009598979, 49.582524504193977 ], [ 17.265471909598997, 49.582525604193961 ], [ 17.26555910959906, 49.582506604193931 ], [ 17.265631509599107, 49.582518904193869 ], [ 17.265675809599127, 49.582526404193906 ], [ 17.265746509599186, 49.582538304193918 ], [ 17.265754809599191, 49.582556504193981 ], [ 17.265769909599197, 49.58257860419392 ], [ 17.265787009599205, 49.582591204193946 ], [ 17.265818609599236, 49.582601704193941 ], [ 17.265899109599289, 49.582615504194003 ] ] } },
{ "type": "Feature", "properties": { "legend": "cyklostezka" }, "geometry": { "type": "LineString", "coordinates": [ [ 17.294602509619875, 49.576051304183736 ], [ 17.294636109619912, 49.57590340418362 ], [ 17.294706409619973, 49.575635104183419 ], [ 17.294732009620002, 49.575546504183357 ] ] } },
{ "type": "Feature", "properties": { "legend": "cyklostezka" }, "geometry": { "type": "LineString", "coordinates": [ [ 17.294732009620002, 49.575546504183357 ], [ 17.294720909620004, 49.57552240418331 ], [ 17.294706409619987, 49.575504404183306 ], [ 17.294691309619989, 49.575478504183316 ], [ 17.294688909619978, 49.575462904183269 ], [ 17.294694309619985, 49.575432304183273 ], [ 17.294699709619991, 49.575394604183252 ], [ 17.294716609620007, 49.575354704183255 ], [ 17.294774809620062, 49.575127104183039 ], [ 17.294777909620066, 49.57511590418305 ], [ 17.294785709620065, 49.575100004183035 ], [ 17.294792109620069, 49.575088604183009 ], [ 17.294804709620081, 49.575077804183032 ], [ 17.294820109620087, 49.575068804182997 ], [ 17.29484180962012, 49.575058704182943 ], [ 17.29485610962012, 49.575052404182969 ] ] } },
{ "type": "Feature", "properties": { "legend": "cyklostezka" }, "geometry": { "type": "LineString", "coordinates": [ [ 17.294695209619924, 49.576173304183776 ], [ 17.294745509619975, 49.576089704183715 ], [ 17.294768509619981, 49.576057704183675 ], [ 17.294838209620057, 49.575927004183562 ], [ 17.294864509620062, 49.57590820418357 ] ] } },
{ "type": "Feature", "properties": { "legend": "cyklostezka" }, "geometry": { "type": "LineString", "coordinates": [ [ 17.267339909599269, 49.597512004204113 ], [ 17.267351009599274, 49.597489804204088 ] ] } },
{ "type": "Feature", "properties": { "legend": "cyklostezka" }, "geometry": { "type": "LineString", "coordinates": [ [ 17.267085409599119, 49.597015304203801 ], [ 17.26710880959914, 49.596988704203739 ], [ 17.267147809599177, 49.596951004203689 ], [ 17.267177509599197, 49.596919104203714 ], [ 17.267196609599203, 49.596895804203683 ], [ 17.267214709599223, 49.596862304203675 ], [ 17.267221109599237, 49.596828204203611 ], [ 17.267224309599232, 49.596788404203572 ], [ 17.267222909599237, 49.596740704203526 ], [ 17.267225009599251, 49.596645404203485 ], [ 17.267236009599262, 49.596531404203411 ] ] } },
{ "type": "Feature", "properties": { "legend": "cyklostezka" }, "geometry": { "type": "LineString", "coordinates": [ [ 17.247742709585022, 49.604136004212506 ], [ 17.247842409585093, 49.604221104212542 ], [ 17.247861309585108, 49.604237204212573 ] ] } },
{ "type": "Feature", "properties": { "legend": "cyklostezka" }, "geometry": { "type": "LineString", "coordinates": [ [ 17.281158509611114, 49.566465804179629 ], [ 17.281063109611043, 49.566418004179575 ], [ 17.280904709610944, 49.566336704179577 ], [ 17.280576009610726, 49.566168604179573 ], [ 17.280339809610563, 49.566053204179504 ], [ 17.280276309610528, 49.566016304179541 ], [ 17.280240009610491, 49.56598440417946 ], [ 17.280209909610484, 49.56594830417945 ], [ 17.280187309610472, 49.565911804179422 ], [ 17.280171709610464, 49.56586800417935 ], [ 17.280156909610454, 49.565815204179351 ], [ 17.280144409610454, 49.56577290417929 ], [ 17.28012810961043, 49.565740104179355 ], [ 17.280098509610418, 49.565699904179326 ], [ 17.280053609610384, 49.565668104179309 ], [ 17.279980409610335, 49.565639804179291 ], [ 17.27988850961027, 49.565620104179224 ], [ 17.279691909610136, 49.565594304179321 ], [ 17.279614809610091, 49.565581404179405 ], [ 17.27955680961005, 49.565568704179292 ], [ 17.279485909610003, 49.565548204179308 ], [ 17.27939300960993, 49.565510404179292 ], [ 17.279330709609891, 49.565488104179323 ], [ 17.279261309609854, 49.565473504179337 ], [ 17.279030009609691, 49.565440404179292 ], [ 17.277854009608873, 49.565258004179483 ], [ 17.276418709607881, 49.565037504179543 ], [ 17.276064809607643, 49.564984404179583 ] ] } },
{ "type": "Feature", "properties": { "legend": "cyklostezka" }, "geometry": { "type": "LineString", "coordinates": [ [ 17.222252209568495, 49.583272504202917 ], [ 17.222411009568617, 49.583318704202888 ], [ 17.222507009568687, 49.583348704202876 ], [ 17.222561709568723, 49.583373304202887 ], [ 17.222697309568808, 49.583428704202923 ], [ 17.222770409568852, 49.583454904202895 ], [ 17.223232709569185, 49.583588704202903 ], [ 17.223430009569313, 49.583650304202877 ] ] } },
{ "type": "Feature", "properties": { "legend": "cyklostezka" }, "geometry": { "type": "LineString", "coordinates": [ [ 17.22426230956987, 49.584034204203029 ], [ 17.224188509569814, 49.584025304203045 ] ] } },
{ "type": "Feature", "properties": { "legend": "cyklostezka" }, "geometry": { "type": "LineString", "coordinates": [ [ 17.224455109569998, 49.583997604202992 ], [ 17.224487209570036, 49.583943904202904 ] ] } },
{ "type": "Feature", "properties": { "legend": "cyklostezka" }, "geometry": { "type": "LineString", "coordinates": [ [ 17.226586109571478, 49.584412904202821 ], [ 17.226546109571462, 49.5844001042028 ], [ 17.226360209571329, 49.584340104202802 ], [ 17.226051409571113, 49.584241904202869 ], [ 17.225611509570815, 49.584104704202844 ] ] } },
{ "type": "Feature", "properties": { "legend": "cyklostezka" }, "geometry": { "type": "LineString", "coordinates": [ [ 17.246582809585181, 49.590078004202951 ], [ 17.246754409585318, 49.589958804202823 ], [ 17.246853509585392, 49.58989140420271 ], [ 17.246899409585421, 49.589856604202694 ], [ 17.246925009585439, 49.589836904202741 ], [ 17.24694140958545, 49.589820804202681 ], [ 17.246956509585473, 49.589802004202618 ], [ 17.246974709585476, 49.589787304202581 ] ] } },
{ "type": "Feature", "properties": { "legend": "cyklostezka" }, "geometry": { "type": "LineString", "coordinates": [ [ 17.246403009585055, 49.590199704203037 ], [ 17.246424309585066, 49.590185304203047 ], [ 17.246490209585112, 49.590141004202934 ], [ 17.246517909585133, 49.590122304202957 ], [ 17.246548909585169, 49.590101504202899 ], [ 17.246563709585178, 49.590091504202903 ] ] } },
{ "type": "Feature", "properties": { "legend": "cyklostezka" }, "geometry": { "type": "LineString", "coordinates": [ [ 17.268105509599778, 49.597896104204217 ], [ 17.268044209599729, 49.597880804204223 ], [ 17.267989109599704, 49.597867004204161 ] ] } },
{ "type": "Feature", "properties": { "legend": "cyklostezka" }, "geometry": { "type": "LineString", "coordinates": [ [ 17.28469580961054, 49.610232604209621 ], [ 17.284943509610713, 49.610510904209775 ], [ 17.285023809610752, 49.610601104209771 ], [ 17.285096609610811, 49.610684804209818 ], [ 17.285260609610898, 49.610873204209931 ], [ 17.285434109611007, 49.611072504209993 ], [ 17.285620109611127, 49.611286304210111 ], [ 17.285633009611132, 49.611301204210108 ], [ 17.285890509611292, 49.611597304210306 ] ] } },
{ "type": "Feature", "properties": { "legend": "cyklostezka" }, "geometry": { "type": "LineString", "coordinates": [ [ 17.250400609590876, 49.545815204171198 ], [ 17.250366509590872, 49.545845504171147 ], [ 17.250355609590855, 49.545880904171142 ], [ 17.250364909590868, 49.545904804171201 ], [ 17.250386809590868, 49.545932004171249 ], [ 17.250518109590956, 49.546025104171207 ], [ 17.250576409590995, 49.546074904171235 ], [ 17.250756009591107, 49.546245004171368 ], [ 17.250886609591202, 49.546379604171328 ], [ 17.25092890959122, 49.546456804171498 ], [ 17.250970209591237, 49.546579204171501 ], [ 17.250998809591245, 49.546641704171563 ], [ 17.251071509591288, 49.546753004171649 ], [ 17.251209109591382, 49.546921704171638 ], [ 17.251331809591452, 49.547070904171839 ], [ 17.251434009591531, 49.547174704171809 ], [ 17.251524709591585, 49.547252804171926 ], [ 17.251622209591641, 49.54734350417197 ], [ 17.251687009591681, 49.547444504171978 ], [ 17.251706709591691, 49.547496104172041 ], [ 17.251711909591691, 49.547535404172066 ], [ 17.251709209591688, 49.547581604172123 ], [ 17.251697909591684, 49.547614104172133 ], [ 17.251675909591661, 49.547650104172149 ], [ 17.251619209591624, 49.547750604172222 ], [ 17.251518709591529, 49.54793650417237 ], [ 17.251328209591378, 49.548276804172637 ], [ 17.251143409591226, 49.548635804172946 ], [ 17.251052109591143, 49.548781404173113 ] ] } },
{ "type": "Feature", "properties": { "legend": "cyklostezka" }, "geometry": { "type": "LineString", "coordinates": [ [ 17.250930409590001, 49.564473704184145 ], [ 17.251034309590104, 49.564153004183787 ], [ 17.251185309590245, 49.563664404183491 ], [ 17.251251809590286, 49.563468404183382 ] ] } },
{ "type": "Feature", "properties": { "legend": "cyklostezka" }, "geometry": { "type": "LineString", "coordinates": [ [ 17.260753909595181, 49.589552804199784 ], [ 17.260683209595143, 49.58954520419978 ], [ 17.260596809595093, 49.589536004199843 ], [ 17.260518609595028, 49.589527604199851 ] ] } },
{ "type": "Feature", "properties": { "legend": "cyklostezka" }, "geometry": { "type": "LineString", "coordinates": [ [ 17.259826809594561, 49.589344804199797 ], [ 17.259725509594475, 49.589321604199803 ], [ 17.25961550959439, 49.589297604199942 ], [ 17.259459309594309, 49.589265004199824 ], [ 17.259078609594035, 49.589191904199907 ], [ 17.258692109593767, 49.589122504199885 ] ] } },
{ "type": "Feature", "properties": { "legend": "cyklostezka" }, "geometry": { "type": "LineString", "coordinates": [ [ 17.265112109598206, 49.590132704199348 ], [ 17.265074009598194, 49.590113904199349 ], [ 17.265042909598179, 49.590088004199309 ], [ 17.265022709598163, 49.590062504199324 ], [ 17.264999009598132, 49.590018604199329 ], [ 17.264812809598045, 49.589659604199078 ] ] } },
{ "type": "Feature", "properties": { "legend": "cyklostezka" }, "geometry": { "type": "LineString", "coordinates": [ [ 17.267359309599282, 49.597473104203992 ], [ 17.267320709599264, 49.597458204204024 ], [ 17.267295409599242, 49.59744500420399 ], [ 17.267272609599235, 49.597427304204032 ], [ 17.267256909599208, 49.597409704203997 ], [ 17.267244709599215, 49.597389904204043 ], [ 17.267237509599205, 49.597369104203963 ], [ 17.267232009599201, 49.597348404203991 ], [ 17.267228609599197, 49.597321304203959 ], [ 17.267226609599209, 49.597288204203949 ], [ 17.267211609599201, 49.597247504203878 ], [ 17.267164809599176, 49.597167504203853 ], [ 17.267113209599128, 49.597088604203826 ], [ 17.267093209599128, 49.597046004203797 ], [ 17.267085409599119, 49.597015304203801 ] ] } },
{ "type": "Feature", "properties": { "legend": "cyklostezka" }, "geometry": { "type": "LineString", "coordinates": [ [ 17.267291409599224, 49.597609204204161 ], [ 17.267306209599237, 49.597579604204171 ], [ 17.267339909599269, 49.597512004204113 ] ] } },
{ "type": "Feature", "properties": { "legend": "cyklostezka" }, "geometry": { "type": "LineString", "coordinates": [ [ 17.262878909594583, 49.619569804220355 ], [ 17.262659509594425, 49.619523904220408 ], [ 17.262368709594245, 49.619494804220352 ] ] } },
{ "type": "Feature", "properties": { "legend": "cyklostezka" }, "geometry": { "type": "LineString", "coordinates": [ [ 17.287114109612059, 49.612935604211017 ], [ 17.28715450961208, 49.612984204210967 ], [ 17.287209509612119, 49.613033104211013 ], [ 17.287255209612145, 49.613075404211074 ], [ 17.287332309612175, 49.613160504211152 ], [ 17.28770800961243, 49.613601504211331 ], [ 17.287752209612457, 49.613652904211371 ], [ 17.289466109613524, 49.615624304212403 ], [ 17.289535009613552, 49.615701404212494 ], [ 17.289577909613577, 49.615752404212508 ], [ 17.289594209613597, 49.615773804212473 ], [ 17.289600609613597, 49.615788404212509 ], [ 17.289604709613602, 49.615808604212496 ], [ 17.289601509613593, 49.615829704212551 ], [ 17.28959490961358, 49.615850104212612 ], [ 17.28958120961358, 49.615879904212576 ], [ 17.289560909613574, 49.615919104212587 ], [ 17.289556809613554, 49.615933604212621 ], [ 17.289558709613555, 49.615946504212666 ], [ 17.289564409613558, 49.61596120421266 ], [ 17.289573509613561, 49.615972904212612 ] ] } },
{ "type": "Feature", "properties": { "legend": "cyklostezka" }, "geometry": { "type": "LineString", "coordinates": [ [ 17.222536509568844, 49.581208104201409 ], [ 17.222571409568879, 49.581158904201367 ], [ 17.222055009568525, 49.580924904201275 ], [ 17.221994509568493, 49.580897504201189 ], [ 17.221948209568453, 49.580875504201302 ], [ 17.221890509568414, 49.580855904201272 ], [ 17.221829209568362, 49.580837804201252 ], [ 17.221701909568285, 49.580813804201298 ], [ 17.221569709568204, 49.580801604201277 ], [ 17.221376109568055, 49.580781404201275 ], [ 17.221306609568014, 49.580766604201315 ], [ 17.221219609567942, 49.580743704201332 ], [ 17.221156509567901, 49.580724504201285 ], [ 17.221097909567863, 49.58069830420137 ], [ 17.221005009567804, 49.580651804201267 ], [ 17.220790809567657, 49.580512604201232 ], [ 17.220450909567429, 49.580285004201144 ] ] } },
{ "type": "Feature", "properties": { "legend": "cyklostezka" }, "geometry": { "type": "LineString", "coordinates": [ [ 17.248292509587341, 49.576400004192983 ], [ 17.248287709587323, 49.57638500419295 ], [ 17.248275509587323, 49.576350904192978 ], [ 17.248257309587313, 49.576257504192881 ] ] } },
{ "type": "Feature", "properties": { "legend": "cyklostezka" }, "geometry": { "type": "LineString", "coordinates": [ [ 17.223782209567279, 49.61630950422569 ], [ 17.223822309567296, 49.61627550422574 ], [ 17.223882909567372, 49.616220804225627 ], [ 17.223914209567386, 49.61617620422556 ], [ 17.223993909567454, 49.616039904225495 ], [ 17.224050409567493, 49.615951304225483 ], [ 17.224116309567549, 49.615835804225355 ], [ 17.224342609567742, 49.615436204225013 ], [ 17.224713109568047, 49.614791604224472 ], [ 17.224869309568174, 49.614516904224303 ], [ 17.225062109568334, 49.614170204224017 ], [ 17.225474609568682, 49.613399804223391 ] ] } },
{ "type": "Feature", "properties": { "legend": "cyklostezka" }, "geometry": { "type": "LineString", "coordinates": [ [ 17.225338409568593, 49.613225804223283 ], [ 17.225308009568568, 49.613217804223289 ], [ 17.225291509568574, 49.613209204223224 ], [ 17.225279809568551, 49.613196304223244 ], [ 17.225275109568553, 49.613180004223253 ], [ 17.225276609568553, 49.613168804223271 ], [ 17.225283509568559, 49.61315230422322 ], [ 17.225300309568571, 49.613124104223267 ], [ 17.225375009568634, 49.612990704223151 ], [ 17.22539760956866, 49.612948304223103 ], [ 17.225454409568698, 49.612869004223029 ], [ 17.225494409568736, 49.612819304222967 ], [ 17.22559010956881, 49.612715804222873 ], [ 17.225646409568853, 49.612660204222848 ], [ 17.225687309568901, 49.612613704222717 ], [ 17.225716309568902, 49.612574204222788 ] ] } },
{ "type": "Feature", "properties": { "legend": "cyklostezka" }, "geometry": { "type": "LineString", "coordinates": [ [ 17.225716309568902, 49.612574204222788 ], [ 17.225804309568989, 49.612430404222607 ], [ 17.225857509569028, 49.612339104222542 ], [ 17.225885409569038, 49.61228650422251 ], [ 17.22589490956906, 49.61226040422244 ], [ 17.225899409569063, 49.612238504222475 ], [ 17.225899509569064, 49.612208904222484 ], [ 17.225906509569064, 49.6121907042224 ] ] } },
{ "type": "Feature", "properties": { "legend": "cyklostezka" }, "geometry": { "type": "LineString", "coordinates": [ [ 17.225474609568682, 49.613399804223391 ], [ 17.22551830956872, 49.613318804223326 ], [ 17.225522909568728, 49.613299104223287 ], [ 17.225517009568719, 49.613283104223299 ], [ 17.22550160956871, 49.613267404223279 ], [ 17.225479109568703, 49.613259004223316 ], [ 17.225445809568669, 49.613249204223294 ], [ 17.225338409568593, 49.613225804223283 ] ] } },
{ "type": "Feature", "properties": { "legend": "cyklostezka" }, "geometry": { "type": "LineString", "coordinates": [ [ 17.226160709569282, 49.611757804222094 ], [ 17.226171509569298, 49.611734604222086 ], [ 17.226196009569314, 49.611691304222042 ], [ 17.226206309569321, 49.611653404221997 ], [ 17.226206009569314, 49.611618604222002 ], [ 17.226200609569325, 49.611591804221952 ], [ 17.226190309569329, 49.611549804221873 ], [ 17.226170509569304, 49.611465704221878 ], [ 17.226199909569338, 49.611431204221851 ] ] } },
{ "type": "Feature", "properties": { "legend": "cyklostezka" }, "geometry": { "type": "LineString", "coordinates": [ [ 17.225906509569064, 49.6121907042224 ], [ 17.225978709569127, 49.612073204222341 ], [ 17.225995009569139, 49.612051804222382 ] ] } },
{ "type": "Feature", "properties": { "legend": "cyklostezka" }, "geometry": { "type": "LineString", "coordinates": [ [ 17.225995009569139, 49.612051804222382 ], [ 17.226010609569158, 49.612038504222276 ], [ 17.226031909569173, 49.612022404222294 ], [ 17.226047909569182, 49.612005104222298 ], [ 17.226065309569194, 49.61197570422226 ], [ 17.226106509569231, 49.611890104222169 ], [ 17.22614880956926, 49.611825804222114 ], [ 17.226159509569278, 49.611801004222087 ], [ 17.226157909569284, 49.611776104222109 ], [ 17.226160709569282, 49.611757804222094 ] ] } },
{ "type": "Feature", "properties": { "legend": "cyklostezka" }, "geometry": { "type": "LineString", "coordinates": [ [ 17.227825609570644, 49.609247104219989 ], [ 17.227843509570647, 49.609219204220025 ], [ 17.227851609570649, 49.609194704219981 ], [ 17.227853909570651, 49.609161604219928 ], [ 17.227857309570666, 49.609131204219928 ], [ 17.227865109570672, 49.609113104219901 ], [ 17.227884309570683, 49.609099604219907 ], [ 17.227916609570716, 49.609091904219916 ], [ 17.227957509570732, 49.60908490421977 ], [ 17.228077409570822, 49.60906880421981 ], [ 17.228133309570858, 49.609061204219842 ] ] } },
{ "type": "Feature", "properties": { "legend": "cyklostezka" }, "geometry": { "type": "LineString", "coordinates": [ [ 17.270257609602226, 49.584581704194441 ], [ 17.271190309602911, 49.583964304193834 ], [ 17.271231709602947, 49.583941804193813 ], [ 17.271271609602966, 49.583929004193784 ], [ 17.271306409603, 49.583923604193735 ], [ 17.271355509603023, 49.583919104193768 ], [ 17.271406509603068, 49.583914804193711 ], [ 17.271451909603101, 49.583906404193691 ], [ 17.271488809603124, 49.583895904193724 ], [ 17.271535109603168, 49.583875404193684 ], [ 17.271564409603187, 49.583855304193698 ], [ 17.271591909603199, 49.583834604193719 ], [ 17.271614009603219, 49.583808004193649 ], [ 17.27162100960323, 49.583785604193615 ], [ 17.271628909603233, 49.583750504193631 ], [ 17.271636009603238, 49.583722504193545 ], [ 17.271652609603262, 49.583691104193598 ], [ 17.271679709603269, 49.5836602041935 ] ] } },
{ "type": "Feature", "properties": { "legend": "cyklostezka" }, "geometry": { "type": "LineString", "coordinates": [ [ 17.267758109600312, 49.586701604196442 ], [ 17.267837609600374, 49.586574804196367 ], [ 17.267852709600387, 49.586548404196314 ], [ 17.267867309600394, 49.586520104196339 ], [ 17.26786650960041, 49.586503704196296 ], [ 17.267859009600393, 49.586490204196224 ], [ 17.267745209600328, 49.586455104196247 ], [ 17.267692409600297, 49.586425804196296 ], [ 17.267659809600264, 49.586384104196249 ], [ 17.267642709600242, 49.586356704196255 ], [ 17.26763880960025, 49.586323404196172 ], [ 17.267648909600261, 49.586279604196172 ], [ 17.267676009600283, 49.586232204196136 ], [ 17.267711909600305, 49.58620390419609 ], [ 17.267830609600395, 49.586125504195991 ] ] } },
{ "type": "Feature", "properties": { "legend": "cyklostezka" }, "geometry": { "type": "LineString", "coordinates": [ [ 17.264694609597974, 49.589351004198868 ], [ 17.26471510959799, 49.589368904198885 ], [ 17.264737909598015, 49.589395304198895 ], [ 17.264754209598014, 49.589422704198931 ], [ 17.264764809598002, 49.589442304198954 ], [ 17.264775309598026, 49.589461804198955 ], [ 17.26480630959804, 49.589519804198972 ], [ 17.264831709598056, 49.589563504198949 ], [ 17.264854809598063, 49.589593904198992 ], [ 17.264879409598098, 49.589620004199006 ], [ 17.264907809598085, 49.589644804199104 ], [ 17.26496880959813, 49.589687904199096 ], [ 17.265017809598177, 49.589716704199056 ], [ 17.265023309598181, 49.589733404199059 ] ] } },
{ "type": "Feature", "properties": { "legend": "cyklostezka" }, "geometry": { "type": "LineString", "coordinates": [ [ 17.243933709583104, 49.593139404205623 ], [ 17.24399030958315, 49.59316370420558 ], [ 17.244034909583174, 49.593185704205588 ], [ 17.24405640958318, 49.593224304205684 ] ] } },
{ "type": "Feature", "properties": { "legend": "cyklostezka" }, "geometry": { "type": "LineString", "coordinates": [ [ 17.265086809598124, 49.591200604200111 ], [ 17.265180809598188, 49.591227604200114 ], [ 17.265354209598311, 49.591328104200151 ] ] } },
{ "type": "Feature", "properties": { "legend": "cyklostezka" }, "geometry": { "type": "LineString", "coordinates": [ [ 17.263930609597402, 49.589909104199407 ], [ 17.263335109596987, 49.589865204199491 ], [ 17.262936809596713, 49.589846304199533 ], [ 17.262875309596666, 49.589828804199598 ] ] } },
{ "type": "Feature", "properties": { "legend": "cyklostezka" }, "geometry": { "type": "LineString", "coordinates": [ [ 17.250784109589041, 49.577204404193068 ], [ 17.250741909589014, 49.577199004193105 ], [ 17.25008790958854, 49.577100204193208 ], [ 17.249986409588466, 49.577084904193185 ], [ 17.249976709588466, 49.577082904193198 ], [ 17.249968509588474, 49.577080404193097 ], [ 17.249961809588466, 49.577077204193188 ], [ 17.249954809588449, 49.577073404193165 ], [ 17.249946109588457, 49.577067404193095 ], [ 17.249940209588452, 49.577061504193139 ], [ 17.249933209588441, 49.577054704193131 ], [ 17.249928809588443, 49.577050904193186 ], [ 17.249922709588432, 49.577047704193184 ], [ 17.249914809588443, 49.577045204193077 ], [ 17.249905309588424, 49.57704250419313 ], [ 17.24989580958843, 49.577039704193162 ], [ 17.249772009588334, 49.577007604193156 ] ] } },
{ "type": "Feature", "properties": { "legend": "cyklostezka" }, "geometry": { "type": "LineString", "coordinates": [ [ 17.248465509587461, 49.576390604192895 ], [ 17.248434509587423, 49.576392004192932 ], [ 17.248403309587406, 49.576393304193004 ] ] } },
{ "type": "Feature", "properties": { "legend": "cyklostezka" }, "geometry": { "type": "LineString", "coordinates": [ [ 17.219855109566854, 49.582699604202986 ], [ 17.219971409566934, 49.582715304202921 ], [ 17.220007409566964, 49.58272020420295 ], [ 17.220173309567073, 49.58274260420287 ], [ 17.220429709567245, 49.582777204202898 ], [ 17.220687909567431, 49.5828120042029 ], [ 17.2207747095675, 49.582823704202831 ], [ 17.221075909567698, 49.582864304202843 ], [ 17.22132850956789, 49.582780604202732 ], [ 17.221373709567917, 49.582765604202741 ] ] } },
{ "type": "Feature", "properties": { "legend": "cyklostezka" }, "geometry": { "type": "LineString", "coordinates": [ [ 17.28025700961043, 49.567184104180257 ], [ 17.280339809610563, 49.566053204179504 ] ] } },
{ "type": "Feature", "properties": { "legend": "cyklostezka" }, "geometry": { "type": "LineString", "coordinates": [ [ 17.265162609598264, 49.590015104199225 ], [ 17.265327609598376, 49.590030004199193 ], [ 17.265402009598432, 49.590037604199225 ], [ 17.265622509598579, 49.590074104199161 ], [ 17.265665109598608, 49.59007770419921 ], [ 17.266248609599028, 49.590125604199081 ], [ 17.266516209599207, 49.590145704199081 ], [ 17.266774909599384, 49.590167604199038 ], [ 17.267203109599684, 49.590203804198971 ], [ 17.267266309599712, 49.590209104199012 ], [ 17.267273209599729, 49.590209704199026 ], [ 17.267293709599745, 49.590204004198959 ], [ 17.267401609599823, 49.590214204198965 ], [ 17.26755650959992, 49.590232404198936 ], [ 17.267691209600024, 49.590251804198999 ], [ 17.267929309600177, 49.590286104198924 ], [ 17.268015009600244, 49.590298504198842 ], [ 17.268140009600327, 49.590316704198877 ], [ 17.268324009600448, 49.590344504198903 ], [ 17.268493909600569, 49.590373804198869 ], [ 17.268630309600677, 49.59039800419886 ], [ 17.26879740960079, 49.590428804198822 ], [ 17.268881609600847, 49.59044530419883 ], [ 17.269009709600937, 49.590471204198799 ], [ 17.269149509601021, 49.590501004198849 ], [ 17.269161809601044, 49.590503804198775 ], [ 17.269215409601077, 49.590516304198793 ], [ 17.269263809601114, 49.590527104198792 ], [ 17.269317309601146, 49.590540004198779 ], [ 17.269381009601197, 49.590560204198802 ], [ 17.26941860960121, 49.590575804198863 ], [ 17.269451309601244, 49.590590004198766 ], [ 17.269510609601269, 49.590615604198874 ], [ 17.269623209601342, 49.590663704198889 ] ] } },
{ "type": "Feature", "properties": { "legend": "cyklostezka" }, "geometry": { "type": "LineString", "coordinates": [ [ 17.263855709597419, 49.588940104198699 ], [ 17.263838109597391, 49.589028904198805 ], [ 17.263833109597392, 49.589071604198807 ], [ 17.263834409597386, 49.589177404198956 ], [ 17.263851709597379, 49.589444604199102 ], [ 17.263852809597381, 49.589526104199081 ], [ 17.263846509597375, 49.589642604199263 ] ] } },
{ "type": "Feature", "properties": { "legend": "cyklostezka" }, "geometry": { "type": "LineString", "coordinates": [ [ 17.243427909583136, 49.587530804201783 ], [ 17.243461509583167, 49.587541704201705 ], [ 17.243629809583279, 49.587596604201785 ] ] } },
{ "type": "Feature", "properties": { "legend": "cyklostezka" }, "geometry": { "type": "LineString", "coordinates": [ [ 17.250170909587755, 49.589399704201746 ], [ 17.250446609587964, 49.589370804201693 ], [ 17.250609309588061, 49.589353404201709 ] ] } },
{ "type": "Feature", "properties": { "legend": "cyklostezka" }, "geometry": { "type": "LineString", "coordinates": [ [ 17.2683972096, 49.59765180420397 ], [ 17.268445709600037, 49.597621804203939 ], [ 17.268501409600074, 49.597593904203883 ], [ 17.268561809600126, 49.597570504203865 ], [ 17.268715509600234, 49.597522204203813 ] ] } },
{ "type": "Feature", "properties": { "legend": "cyklostezka" }, "geometry": { "type": "LineString", "coordinates": [ [ 17.256570009592849, 49.580788804194505 ], [ 17.25656400959285, 49.580744004194486 ], [ 17.256566909592856, 49.580685704194373 ], [ 17.256573109592878, 49.580652404194339 ], [ 17.256579809592871, 49.580624104194321 ], [ 17.25666100959295, 49.5804161041942 ], [ 17.256701109592981, 49.580308204194068 ], [ 17.256703209592988, 49.580295604194085 ], [ 17.256702009592981, 49.580281704194064 ], [ 17.256696709592976, 49.580271604194046 ], [ 17.256687209592979, 49.58026460419407 ], [ 17.256670009592959, 49.580260604194088 ], [ 17.256641209592949, 49.580256204194079 ], [ 17.256574209592905, 49.580244304194053 ], [ 17.256523509592867, 49.580224604194122 ], [ 17.256490909592848, 49.580188004194071 ] ] } },
{ "type": "Feature", "properties": { "legend": "cyklostezka" }, "geometry": { "type": "LineString", "coordinates": [ [ 17.262898609596686, 49.589732204199457 ], [ 17.262893709596678, 49.589752504199524 ], [ 17.262884409596676, 49.589791004199554 ] ] } },
{ "type": "Feature", "properties": { "legend": "cyklostezka" }, "geometry": { "type": "LineString", "coordinates": [ [ 17.252247409589327, 49.587922304200305 ], [ 17.252566909589547, 49.587790104200174 ], [ 17.252612409589592, 49.587773104200174 ], [ 17.252684809589635, 49.587759804200061 ], [ 17.252755709589685, 49.587752704200106 ] ] } },
{ "type": "Feature", "properties": { "legend": "cyklostezka" }, "geometry": { "type": "LineString", "coordinates": [ [ 17.244410409583285, 49.595404804207085 ], [ 17.244440109583305, 49.59543960420708 ] ] } },
{ "type": "Feature", "properties": { "legend": "cyklostezka" }, "geometry": { "type": "LineString", "coordinates": [ [ 17.244401809583284, 49.595394704207038 ], [ 17.244410409583285, 49.595404804207085 ] ] } },
{ "type": "Feature", "properties": { "legend": "cyklostezka" }, "geometry": { "type": "LineString", "coordinates": [ [ 17.231695909574622, 49.591150104206591 ], [ 17.231778909574679, 49.591162604206588 ], [ 17.231863009574745, 49.591175304206565 ] ] } },
{ "type": "Feature", "properties": { "legend": "cyklostezka" }, "geometry": { "type": "LineString", "coordinates": [ [ 17.232012009574834, 49.591331304206591 ], [ 17.231999909574828, 49.591361604206618 ], [ 17.231988509574812, 49.591390404206685 ] ] } },
{ "type": "Feature", "properties": { "legend": "cyklostezka" }, "geometry": { "type": "LineString", "coordinates": [ [ 17.232029209574858, 49.591286704206603 ], [ 17.232076709574891, 49.591301904206567 ], [ 17.232224709574982, 49.591358304206665 ] ] } },
{ "type": "Feature", "properties": { "legend": "cyklostezka" }, "geometry": { "type": "LineString", "coordinates": [ [ 17.231965509574799, 49.591442504206704 ], [ 17.231854209574717, 49.591425604206705 ], [ 17.231820009574687, 49.591423704206697 ], [ 17.231773809574655, 49.591449304206755 ], [ 17.231669209574576, 49.591501104206813 ] ] } },
{ "type": "Feature", "properties": { "legend": "cyklostezka" }, "geometry": { "type": "LineString", "coordinates": [ [ 17.234313009576429, 49.591822304206538 ], [ 17.234271909576396, 49.591814204206464 ], [ 17.234208509576344, 49.591804104206531 ], [ 17.234053009576233, 49.591779904206568 ], [ 17.233994009576207, 49.591767704206532 ], [ 17.233889009576135, 49.591746104206557 ], [ 17.233685909575993, 49.591714404206556 ], [ 17.233629109575947, 49.591705704206639 ], [ 17.233346509575753, 49.591661104206594 ], [ 17.232657109575271, 49.591551604206664 ], [ 17.232014009574829, 49.591450304206688 ], [ 17.231965509574799, 49.591442504206704 ] ] } },
{ "type": "Feature", "properties": { "legend": "cyklostezka" }, "geometry": { "type": "LineString", "coordinates": [ [ 17.234585809576622, 49.591792104206448 ], [ 17.234438309576507, 49.591825804206522 ], [ 17.234388409576475, 49.591828104206506 ], [ 17.234350709576443, 49.591827704206565 ], [ 17.234313009576429, 49.591822304206538 ] ] } },
{ "type": "Feature", "properties": { "legend": "cyklostezka" }, "geometry": { "type": "LineString", "coordinates": [ [ 17.233922909576155, 49.591682504206489 ], [ 17.234017209576233, 49.591627304206455 ], [ 17.234041309576241, 49.59162120420649 ], [ 17.234067009576258, 49.591616504206463 ], [ 17.234089309576284, 49.591615004206439 ], [ 17.234110909576287, 49.591615204206441 ], [ 17.234129009576311, 49.591615804206441 ], [ 17.234153309576314, 49.591618704206454 ], [ 17.234337109576451, 49.591647004206386 ], [ 17.234382209576477, 49.591655204206418 ] ] } },
{ "type": "Feature", "properties": { "legend": "cyklostezka" }, "geometry": { "type": "LineString", "coordinates": [ [ 17.231863009574745, 49.591175304206565 ], [ 17.231879109574756, 49.591177604206528 ], [ 17.231925009574784, 49.591186904206552 ], [ 17.231946709574803, 49.591200704206607 ], [ 17.231966809574814, 49.591227104206503 ], [ 17.231992409574826, 49.591256504206548 ], [ 17.232029209574858, 49.591286704206603 ], [ 17.232012009574834, 49.591331304206591 ] ] } },
{ "type": "Feature", "properties": { "legend": "cyklostezka" }, "geometry": { "type": "LineString", "coordinates": [ [ 17.267001909599003, 49.597903904204422 ], [ 17.267113009599104, 49.597686504204248 ], [ 17.267124909599101, 49.597668804204233 ], [ 17.267139409599128, 49.59765090420418 ], [ 17.267151209599135, 49.597642104204212 ], [ 17.267185009599153, 49.59762820420417 ], [ 17.267228209599185, 49.597624804204166 ], [ 17.267281209599211, 49.597629604204165 ] ] } },
{ "type": "Feature", "properties": { "legend": "cyklostezka" }, "geometry": { "type": "LineString", "coordinates": [ [ 17.267452209599568, 49.594442204201854 ], [ 17.267443009599546, 49.594533404201989 ], [ 17.267440809599535, 49.594554604202052 ] ] } },
{ "type": "Feature", "properties": { "legend": "cyklostezka" }, "geometry": { "type": "LineString", "coordinates": [ [ 17.259847209594927, 49.584116704196198 ], [ 17.259891709594964, 49.584082804196171 ], [ 17.259922409594989, 49.58405930419611 ], [ 17.26003490959507, 49.583950404196052 ], [ 17.260183309595195, 49.583811404195913 ], [ 17.260245909595238, 49.583752704195774 ], [ 17.26045560959539, 49.583587604195671 ], [ 17.26052760959546, 49.583539204195596 ], [ 17.260571409595489, 49.583523304195587 ], [ 17.260615109595509, 49.583520004195577 ], [ 17.260651109595532, 49.58352330419563 ], [ 17.260697509595566, 49.58353750419559 ], [ 17.260813209595643, 49.583587604195628 ], [ 17.26094740959573, 49.583652604195649 ] ] } },
{ "type": "Feature", "properties": { "legend": "cyklostezka" }, "geometry": { "type": "LineString", "coordinates": [ [ 17.252791209586029, 49.640176504236734 ], [ 17.252584709585872, 49.64017170423682 ], [ 17.252308609585683, 49.640173104236794 ], [ 17.252096909585529, 49.640242904236928 ], [ 17.25133510958495, 49.640734004237437 ], [ 17.251242609584899, 49.640772604237384 ], [ 17.251135009584793, 49.640773404237457 ], [ 17.246148109581366, 49.639866404237864 ], [ 17.245863709581172, 49.639861004237858 ], [ 17.245695309581048, 49.639889704237916 ], [ 17.245587109580967, 49.639942604237959 ] ] } },
{ "type": "Feature", "properties": { "legend": "cyklostezka" }, "geometry": { "type": "LineString", "coordinates": [ [ 17.26081000959239, 49.629820404227964 ], [ 17.260633409592256, 49.630014804228139 ] ] } },
{ "type": "Feature", "properties": { "legend": "cyklostezka" }, "geometry": { "type": "LineString", "coordinates": [ [ 17.260823109592437, 49.629503004227729 ], [ 17.260837009592422, 49.629719804227882 ] ] } },
{ "type": "Feature", "properties": { "legend": "cyklostezka" }, "geometry": { "type": "LineString", "coordinates": [ [ 17.259989909594907, 49.586023104197423 ], [ 17.259914809594861, 49.585732404197309 ], [ 17.259863909594845, 49.585533604197146 ], [ 17.259685709594756, 49.584985004196866 ], [ 17.25965790959474, 49.584885104196751 ], [ 17.25963850959473, 49.584799004196746 ], [ 17.259632909594728, 49.584757204196684 ], [ 17.259631309594734, 49.584716304196675 ], [ 17.259644209594747, 49.58462230419655 ], [ 17.259654809594764, 49.584569204196562 ], [ 17.259684809594791, 49.584449704196409 ], [ 17.259679209594783, 49.584423504196387 ], [ 17.259678409594791, 49.584388704196414 ], [ 17.259678909594811, 49.584330904196328 ], [ 17.2596822095948, 49.584274304196313 ], [ 17.259692009594819, 49.584246104196318 ], [ 17.259712409594833, 49.584213004196258 ], [ 17.259729909594846, 49.584194804196251 ], [ 17.259759509594868, 49.584168704196202 ], [ 17.259783809594886, 49.584151404196199 ], [ 17.259814009594905, 49.584135604196206 ], [ 17.259847209594927, 49.584116704196198 ] ] } },
{ "type": "Feature", "properties": { "legend": "cyklostezka" }, "geometry": { "type": "LineString", "coordinates": [ [ 17.24405640958318, 49.593224304205684 ], [ 17.243995409583142, 49.5932177042056 ], [ 17.243972609583139, 49.593215004205597 ] ] } },
{ "type": "Feature", "properties": { "legend": "cyklostezka" }, "geometry": { "type": "LineString", "coordinates": [ [ 17.248489109587467, 49.57639200419294 ], [ 17.248497009587467, 49.576393804192918 ], [ 17.248506109587485, 49.576397204192943 ], [ 17.248512409587484, 49.576401004192974 ], [ 17.248517809587486, 49.576405504192969 ], [ 17.248520609587491, 49.576411204192972 ], [ 17.248522709587483, 49.576418304192927 ], [ 17.248524509587483, 49.576433804192995 ], [ 17.248528509587491, 49.576469104193023 ], [ 17.248534709587506, 49.576484704193035 ], [ 17.248548809587501, 49.576500404193077 ] ] } },
{ "type": "Feature", "properties": { "legend": "cyklostezka" }, "geometry": { "type": "LineString", "coordinates": [ [ 17.250828309589078, 49.577077404192941 ], [ 17.250822809589064, 49.577092604192998 ], [ 17.25082130958905, 49.577097004193043 ], [ 17.250809509589061, 49.577129604193033 ], [ 17.250808209589046, 49.577133204193004 ], [ 17.250802609589055, 49.577148704193071 ] ] } },
{ "type": "Feature", "properties": { "legend": "cyklostezka" }, "geometry": { "type": "LineString", "coordinates": [ [ 17.249827209588382, 49.576912104193056 ], [ 17.249937709588462, 49.576915804193035 ], [ 17.250097009588561, 49.576911004193036 ], [ 17.25012170958858, 49.576912704193028 ], [ 17.250149309588593, 49.576915404193066 ], [ 17.250540909588871, 49.57697490419298 ], [ 17.25060650958892, 49.57698440419297 ], [ 17.250618109588927, 49.576985504192947 ], [ 17.250628809588932, 49.57698570419295 ], [ 17.250640009588942, 49.576985004192963 ], [ 17.250652309588961, 49.576983604192883 ], [ 17.250664409588957, 49.576982004192942 ], [ 17.250677309588973, 49.576979504192984 ], [ 17.250694909588979, 49.576975004192974 ], [ 17.250725809589003, 49.576966404192902 ], [ 17.250743609589016, 49.576962004192914 ], [ 17.250757209589025, 49.576959104192859 ], [ 17.250778809589043, 49.576955104192905 ], [ 17.250795809589054, 49.576952704192898 ] ] } },
{ "type": "Feature", "properties": { "legend": "cyklostezka" }, "geometry": { "type": "LineString", "coordinates": [ [ 17.256135509592774, 49.577627204192304 ], [ 17.256182309592802, 49.577631404192338 ], [ 17.256254609592848, 49.577635904192313 ], [ 17.256272409592867, 49.577638704192317 ], [ 17.256325809592891, 49.577649704192368 ], [ 17.256373509592933, 49.57766190419234 ], [ 17.256388709592944, 49.577665204192328 ], [ 17.256410609592969, 49.577667004192307 ], [ 17.256552809593064, 49.577675504192321 ], [ 17.256780809593213, 49.57769050419229 ], [ 17.256942709593332, 49.577700704192232 ], [ 17.257080809593425, 49.577711004192231 ], [ 17.257127409593448, 49.577735104192229 ], [ 17.257139809593468, 49.577745504192251 ], [ 17.25715050959348, 49.577757504192171 ], [ 17.257160509593483, 49.577773604192252 ], [ 17.257168709593479, 49.577787104192311 ], [ 17.257185309593496, 49.577817004192262 ], [ 17.257257309593527, 49.577958604192368 ], [ 17.257265709593533, 49.577975404192379 ], [ 17.257266909593536, 49.57798660419239 ], [ 17.257255209593531, 49.578031104192362 ], [ 17.257252609593529, 49.578061204192458 ] ] } },
{ "type": "Feature", "properties": { "legend": "cyklostezka" }, "geometry": { "type": "LineString", "coordinates": [ [ 17.257323909593605, 49.577733604192133 ], [ 17.257307509593591, 49.577729704192215 ], [ 17.25728590959358, 49.577726304192119 ], [ 17.257202809593512, 49.57771940419218 ], [ 17.257152409593477, 49.577716404192223 ], [ 17.257080809593425, 49.577711004192231 ] ] } },
{ "type": "Feature", "properties": { "legend": "cyklostezka" }, "geometry": { "type": "LineString", "coordinates": [ [ 17.257685809593944, 49.576583904191274 ], [ 17.25775060959398, 49.576580504191227 ] ] } },
{ "type": "Feature", "properties": { "legend": "cyklostezka" }, "geometry": { "type": "LineString", "coordinates": [ [ 17.257564209593848, 49.576615904191343 ], [ 17.257601509593862, 49.576599304191362 ], [ 17.257629609593899, 49.576590604191281 ], [ 17.257652309593922, 49.576586004191242 ] ] } },
{ "type": "Feature", "properties": { "legend": "cyklostezka" }, "geometry": { "type": "LineString", "coordinates": [ [ 17.257865109594064, 49.576576304191192 ], [ 17.257951009594105, 49.576626304191301 ] ] } },
{ "type": "Feature", "properties": { "legend": "cyklostezka" }, "geometry": { "type": "LineString", "coordinates": [ [ 17.234326109576433, 49.591790304206462 ], [ 17.234342409576449, 49.591752004206498 ], [ 17.234358409576455, 49.591714404206442 ] ] } },
{ "type": "Feature", "properties": { "legend": "cyklostezka" }, "geometry": { "type": "LineString", "coordinates": [ [ 17.270088409601705, 49.590088504198377 ], [ 17.269991009601629, 49.59025490419846 ], [ 17.26997680960163, 49.590271604198541 ], [ 17.269954809601607, 49.590285104198522 ], [ 17.269930609601577, 49.590291804198557 ] ] } },
{ "type": "Feature", "properties": { "legend": "cyklostezka" }, "geometry": { "type": "LineString", "coordinates": [ [ 17.270388409601924, 49.590056904198292 ], [ 17.27029630960185, 49.590213204198392 ], [ 17.270238309601798, 49.590312104198503 ] ] } },
{ "type": "Feature", "properties": { "legend": "cyklostezka" }, "geometry": { "type": "LineString", "coordinates": [ [ 17.269254809601037, 49.591395104199371 ], [ 17.269199909601003, 49.591497104199519 ], [ 17.269196009600989, 49.591504404199519 ] ] } },
{ "type": "Feature", "properties": { "legend": "cyklostezka" }, "geometry": { "type": "LineString", "coordinates": [ [ 17.253378209590082, 49.588475904200443 ], [ 17.253613909590239, 49.588560904200484 ], [ 17.253692409590286, 49.588641304200557 ], [ 17.253778009590345, 49.588753604200562 ], [ 17.253851909590392, 49.588834804200651 ], [ 17.253955209590451, 49.5889150042007 ] ] } },
{ "type": "Feature", "properties": { "legend": "cyklostezka" }, "geometry": { "type": "LineString", "coordinates": [ [ 17.295893709619289, 49.597522404198472 ], [ 17.29566730961913, 49.597545904198583 ], [ 17.295227809618812, 49.597602904198709 ], [ 17.294779809618504, 49.597648704198782 ], [ 17.294371509618209, 49.597686104198935 ], [ 17.294139409618047, 49.59771060419898 ] ] } },
{ "type": "Feature", "properties": { "legend": "cyklostezka" }, "geometry": { "type": "LineString", "coordinates": [ [ 17.256621009592862, 49.581227604194787 ], [ 17.256550709592801, 49.581250104194801 ], [ 17.256498109592776, 49.581285404194837 ] ] } },
{ "type": "Feature", "properties": { "legend": "cyklostezka" }, "geometry": { "type": "LineString", "coordinates": [ [ 17.257034409593174, 49.580937704194447 ], [ 17.257058809593183, 49.58092920419449 ], [ 17.257133909593239, 49.580903004194433 ] ] } },
{ "type": "Feature", "properties": { "legend": "cyklostezka" }, "geometry": { "type": "LineString", "coordinates": [ [ 17.256595509592874, 49.580792104194444 ], [ 17.256613809592881, 49.580811204194447 ], [ 17.256652009592916, 49.580851204194481 ], [ 17.256673109592914, 49.580873204194518 ], [ 17.256702409592936, 49.580903804194541 ] ] } },
{ "type": "Feature", "properties": { "legend": "cyklostezka" }, "geometry": { "type": "LineString", "coordinates": [ [ 17.256872509593059, 49.580921204194532 ], [ 17.256948509593116, 49.580928904194487 ], [ 17.257034409593174, 49.580937704194447 ] ] } },
{ "type": "Feature", "properties": { "legend": "cyklostezka" }, "geometry": { "type": "LineString", "coordinates": [ [ 17.2491480095876, 49.581284104196271 ], [ 17.249197109587623, 49.581276504196268 ], [ 17.249276109587694, 49.581264304196189 ] ] } },
{ "type": "Feature", "properties": { "legend": "cyklostezka" }, "geometry": { "type": "LineString", "coordinates": [ [ 17.249011209587511, 49.581311604196287 ], [ 17.2491480095876, 49.581284104196271 ] ] } },
{ "type": "Feature", "properties": { "legend": "cyklostezka" }, "geometry": { "type": "LineString", "coordinates": [ [ 17.255619109591649, 49.588605404200159 ], [ 17.255619909591648, 49.588577804200135 ] ] } },
{ "type": "Feature", "properties": { "legend": "cyklostezka" }, "geometry": { "type": "LineString", "coordinates": [ [ 17.255688309591672, 49.588842204200311 ], [ 17.255677609591672, 49.588799204200249 ] ] } },
{ "type": "Feature", "properties": { "legend": "cyklostezka" }, "geometry": { "type": "LineString", "coordinates": [ [ 17.257696109593091, 49.58893850419998 ], [ 17.257638809593043, 49.588928804200016 ] ] } },
{ "type": "Feature", "properties": { "legend": "cyklostezka" }, "geometry": { "type": "LineString", "coordinates": [ [ 17.237281909577636, 49.604443104214745 ], [ 17.237285509577635, 49.604436104214777 ], [ 17.237285109577655, 49.604428404214772 ], [ 17.237278509577635, 49.604419504214768 ], [ 17.237003609577467, 49.604194204214608 ], [ 17.236586509577183, 49.603852304214563 ], [ 17.236540609577162, 49.603812904214479 ] ] } },
{ "type": "Feature", "properties": { "legend": "cyklostezka" }, "geometry": { "type": "LineString", "coordinates": [ [ 17.23668130957725, 49.603805804214538 ], [ 17.23666580957725, 49.603791404214498 ], [ 17.236659109577243, 49.603774004214429 ], [ 17.236661809577242, 49.603757904214476 ], [ 17.236672909577258, 49.603745904214385 ], [ 17.236985809577483, 49.603602704214204 ] ] } },
{ "type": "Feature", "properties": { "legend": "cyklostezka" }, "geometry": { "type": "LineString", "coordinates": [ [ 17.23668130957725, 49.603805804214538 ], [ 17.236634709577221, 49.603828604214556 ], [ 17.236586509577183, 49.603852304214563 ] ] } },
{ "type": "Feature", "properties": { "legend": "cyklostezka" }, "geometry": { "type": "LineString", "coordinates": [ [ 17.224195409568967, 49.59624150421164 ], [ 17.224184709568963, 49.596263404211598 ], [ 17.224165409568954, 49.59628880421166 ], [ 17.224104209568907, 49.59634660421171 ], [ 17.224098309568909, 49.596354604211733 ], [ 17.224093709568905, 49.596378004211665 ], [ 17.224076309568879, 49.596463504211798 ], [ 17.22394940956875, 49.596977104212158 ], [ 17.223983209568761, 49.597039004212235 ] ] } },
{ "type": "Feature", "properties": { "legend": "cyklostezka" }, "geometry": { "type": "LineString", "coordinates": [ [ 17.224206409568993, 49.596195604211573 ], [ 17.22421350956899, 49.596165704211543 ], [ 17.224224409569011, 49.596120304211517 ], [ 17.224231009569021, 49.596092904211524 ], [ 17.224239609569022, 49.596057104211475 ], [ 17.224245009569028, 49.596034604211447 ] ] } },
{ "type": "Feature", "properties": { "legend": "cyklostezka" }, "geometry": { "type": "LineString", "coordinates": [ [ 17.224245009569028, 49.596034604211447 ], [ 17.224247809569047, 49.596018104211439 ], [ 17.224246509569031, 49.596005004211399 ], [ 17.224245109569043, 49.595996904211397 ], [ 17.22424180956903, 49.595988204211395 ], [ 17.224235909569028, 49.595977204211437 ], [ 17.224227009569017, 49.595968304211382 ], [ 17.224177409568988, 49.595929704211372 ], [ 17.224142209568974, 49.595892104211359 ], [ 17.224075509568909, 49.595883304211441 ] ] } },
{ "type": "Feature", "properties": { "legend": "cyklostezka" }, "geometry": { "type": "LineString", "coordinates": [ [ 17.224195409568967, 49.59624150421164 ], [ 17.224206409568993, 49.596195604211573 ] ] } },
{ "type": "Feature", "properties": { "legend": "cyklostezka" }, "geometry": { "type": "LineString", "coordinates": [ [ 17.271617709603238, 49.583619104193474 ], [ 17.271679709603269, 49.5836602041935 ] ] } },
{ "type": "Feature", "properties": { "legend": "cyklostezka" }, "geometry": { "type": "LineString", "coordinates": [ [ 17.271500209603165, 49.583535504193463 ], [ 17.271530409603187, 49.583557004193473 ], [ 17.27159430960322, 49.583602404193464 ], [ 17.271617709603238, 49.583619104193474 ] ] } },
{ "type": "Feature", "properties": { "legend": "cyklostezka" }, "geometry": { "type": "LineString", "coordinates": [ [ 17.269442709601591, 49.585093204195076 ], [ 17.269573209601706, 49.585029104194923 ], [ 17.269629109601755, 49.584993704194844 ], [ 17.270117909602106, 49.584673704194472 ] ] } },
{ "type": "Feature", "properties": { "legend": "cyklostezka" }, "geometry": { "type": "LineString", "coordinates": [ [ 17.270117909602106, 49.584673704194472 ], [ 17.270186409602157, 49.584628904194538 ], [ 17.270257609602226, 49.584581704194441 ] ] } },
{ "type": "Feature", "properties": { "legend": "cyklostezka" }, "geometry": { "type": "LineString", "coordinates": [ [ 17.255440209591622, 49.587298504199225 ], [ 17.255491709591649, 49.587290804199284 ], [ 17.255509209591654, 49.587288304199276 ], [ 17.255525809591674, 49.58728960419927 ], [ 17.255578209591715, 49.587291704199203 ] ] } },
{ "type": "Feature", "properties": { "legend": "cyklostezka" }, "geometry": { "type": "LineString", "coordinates": [ [ 17.255356609591551, 49.587315704199256 ], [ 17.255440209591622, 49.587298504199225 ] ] } },
{ "type": "Feature", "properties": { "legend": "cyklostezka" }, "geometry": { "type": "LineString", "coordinates": [ [ 17.255262309591483, 49.587339504199306 ], [ 17.255309409591518, 49.587327104199275 ], [ 17.255356609591551, 49.587315704199256 ] ] } },
{ "type": "Feature", "properties": { "legend": "cyklostezka" }, "geometry": { "type": "LineString", "coordinates": [ [ 17.260439109594301, 49.599301404206685 ], [ 17.259432009593546, 49.599815704207224 ], [ 17.258198609592636, 49.600445504207926 ], [ 17.257802209592342, 49.600647004208177 ], [ 17.257405909592045, 49.600850304208357 ] ] } },
{ "type": "Feature", "properties": { "legend": "cyklostezka" }, "geometry": { "type": "LineString", "coordinates": [ [ 17.257405909592045, 49.600850304208357 ], [ 17.257371709592025, 49.600867704208362 ], [ 17.257330909592, 49.600888504208363 ] ] } },
{ "type": "Feature", "properties": { "legend": "cyklostezka" }, "geometry": { "type": "LineString", "coordinates": [ [ 17.256809409591625, 49.601154804208612 ], [ 17.255886509590919, 49.601626104209139 ] ] } },
{ "type": "Feature", "properties": { "legend": "cyklostezka" }, "geometry": { "type": "LineString", "coordinates": [ [ 17.255886509590919, 49.601626104209139 ], [ 17.255836209590903, 49.601651804209254 ], [ 17.255780809590856, 49.601680104209265 ] ] } },
{ "type": "Feature", "properties": { "legend": "cyklostezka" }, "geometry": { "type": "LineString", "coordinates": [ [ 17.22801730957281, 49.57985140419941 ], [ 17.227985409572781, 49.579874304199443 ], [ 17.227963909572765, 49.579889804199439 ] ] } },
{ "type": "Feature", "properties": { "legend": "cyklostezka" }, "geometry": { "type": "LineString", "coordinates": [ [ 17.243936409583487, 49.587758304201799 ], [ 17.243970509583505, 49.587748204201809 ], [ 17.243988709583515, 49.587736704201767 ], [ 17.244021109583535, 49.587715604201769 ], [ 17.244051609583568, 49.587698604201755 ] ] } },
{ "type": "Feature", "properties": { "legend": "cyklostezka" }, "geometry": { "type": "LineString", "coordinates": [ [ 17.24373320958334, 49.587806704201896 ], [ 17.243766609583361, 49.587796104201864 ] ] } },
{ "type": "Feature", "properties": { "legend": "cyklostezka" }, "geometry": { "type": "LineString", "coordinates": [ [ 17.242554409581853, 49.597265804208675 ], [ 17.242501609581815, 49.597256104208753 ] ] } },
{ "type": "Feature", "properties": { "legend": "cyklostezka" }, "geometry": { "type": "LineString", "coordinates": [ [ 17.276801709606158, 49.593953504199725 ], [ 17.276695809606061, 49.594189204199949 ], [ 17.276678709606056, 49.594223104199934 ], [ 17.276668409606028, 49.594250204199945 ], [ 17.276506309605907, 49.594608404200279 ] ] } },
{ "type": "Feature", "properties": { "legend": "cyklostezka" }, "geometry": { "type": "LineString", "coordinates": [ [ 17.276506309605907, 49.594608404200279 ], [ 17.276493309605897, 49.59463030420028 ], [ 17.276478509605873, 49.594654904200347 ] ] } },
{ "type": "Feature", "properties": { "legend": "cyklostezka" }, "geometry": { "type": "LineString", "coordinates": [ [ 17.276841009606187, 49.593862704199715 ], [ 17.276801709606158, 49.593953504199725 ] ] } },
{ "type": "Feature", "properties": { "legend": "cyklostezka" }, "geometry": { "type": "LineString", "coordinates": [ [ 17.276871109606216, 49.593800404199641 ], [ 17.276855609606208, 49.593832504199646 ], [ 17.276841009606187, 49.593862704199715 ] ] } },
{ "type": "Feature", "properties": { "legend": "cyklostezka" }, "geometry": { "type": "LineString", "coordinates": [ [ 17.218164509565664, 49.582532404203199 ], [ 17.218184809565681, 49.582474604203121 ], [ 17.218298909565799, 49.582140704202835 ], [ 17.218311509565805, 49.582105104202789 ], [ 17.218321009565802, 49.582078204202816 ], [ 17.218473709565956, 49.581677704202434 ], [ 17.218650809566096, 49.581213204202108 ], [ 17.218653709566098, 49.581205604202175 ], [ 17.218734409566171, 49.581030704202014 ], [ 17.218828909566252, 49.580825904201873 ], [ 17.218844909566275, 49.580789104201763 ], [ 17.218858109566273, 49.580758704201806 ], [ 17.219059009566454, 49.580369804201425 ], [ 17.219076309566461, 49.580341404201477 ], [ 17.219094409566473, 49.580311804201429 ], [ 17.219130309566502, 49.580266604201398 ], [ 17.219197909566557, 49.580182204201314 ], [ 17.219231509566566, 49.580149504201309 ], [ 17.219329709566651, 49.58006400420124 ], [ 17.219392509566703, 49.579998004201123 ], [ 17.219490809566789, 49.579912904201073 ] ] } },
{ "type": "Feature", "properties": { "legend": "cyklostezka" }, "geometry": { "type": "LineString", "coordinates": [ [ 17.219855109566854, 49.582699604202986 ], [ 17.219837609566842, 49.582759604203019 ] ] } },
{ "type": "Feature", "properties": { "legend": "cyklostezka" }, "geometry": { "type": "LineString", "coordinates": [ [ 17.221373709567917, 49.582765604202741 ], [ 17.221500509568024, 49.582592904202585 ], [ 17.221625609568122, 49.582424304202405 ], [ 17.221670409568155, 49.58236710420239 ], [ 17.22171360956818, 49.582306104202402 ], [ 17.221766109568229, 49.582231904202253 ], [ 17.221813009568269, 49.58216830420222 ], [ 17.221866309568309, 49.582096104202208 ], [ 17.221991609568406, 49.581931004202019 ], [ 17.222065609568478, 49.581835104201872 ], [ 17.22219020956857, 49.58167270420175 ], [ 17.222220509568583, 49.581633204201744 ], [ 17.222294109568651, 49.581537504201677 ], [ 17.222321609568674, 49.581494204201626 ], [ 17.222440809568759, 49.581331004201523 ], [ 17.222504209568811, 49.58124960420141 ], [ 17.22251680956883, 49.581233404201413 ] ] } },
{ "type": "Feature", "properties": { "legend": "cyklostezka" }, "geometry": { "type": "LineString", "coordinates": [ [ 17.22251680956883, 49.581233404201413 ], [ 17.222536509568844, 49.581208104201409 ] ] } },
{ "type": "Feature", "properties": { "legend": "cyklostezka" }, "geometry": { "type": "LineString", "coordinates": [ [ 17.227039209571426, 49.589996004206654 ], [ 17.227167109571504, 49.590016104206676 ] ] } },
{ "type": "Feature", "properties": { "legend": "cyklostezka" }, "geometry": { "type": "LineString", "coordinates": [ [ 17.225956709570667, 49.589838604206754 ], [ 17.226001809570697, 49.589845504206764 ], [ 17.226061309570742, 49.58985390420677 ], [ 17.226863709571298, 49.589970204206665 ], [ 17.226921409571343, 49.589978704206615 ], [ 17.227039209571426, 49.589996004206654 ] ] } },
{ "type": "Feature", "properties": { "legend": "cyklostezka" }, "geometry": { "type": "LineString", "coordinates": [ [ 17.225826509570574, 49.589796704206755 ], [ 17.225890409570621, 49.589817804206774 ], [ 17.225956709570667, 49.589838604206754 ] ] } },
{ "type": "Feature", "properties": { "legend": "cyklostezka" }, "geometry": { "type": "LineString", "coordinates": [ [ 17.227167109571504, 49.590016104206676 ], [ 17.227209009571546, 49.590022604206638 ], [ 17.227717909571886, 49.590100604206619 ], [ 17.227763909571912, 49.590107604206629 ], [ 17.22838440957236, 49.59020480420655 ], [ 17.228429609572384, 49.590211804206582 ] ] } },
{ "type": "Feature", "properties": { "legend": "cyklostezka" }, "geometry": { "type": "LineString", "coordinates": [ [ 17.228429609572384, 49.590211804206582 ], [ 17.228514709572451, 49.590223204206509 ], [ 17.2285955095725, 49.59023400420655 ] ] } },
{ "type": "Feature", "properties": { "legend": "cyklostezka" }, "geometry": { "type": "LineString", "coordinates": [ [ 17.244400909583266, 49.595701604207242 ], [ 17.24438650958324, 49.59573040420738 ], [ 17.244366709583232, 49.595770004207388 ], [ 17.24435350958322, 49.595796304207397 ], [ 17.244338609583206, 49.595826104207347 ], [ 17.244325609583196, 49.595852104207381 ] ] } },
{ "type": "Feature", "properties": { "legend": "cyklostezka" }, "geometry": { "type": "LineString", "coordinates": [ [ 17.244350209583224, 49.595604404207215 ], [ 17.244400909583266, 49.595701604207242 ] ] } },
{ "type": "Feature", "properties": { "legend": "cyklostezka" }, "geometry": { "type": "LineString", "coordinates": [ [ 17.223226009568435, 49.594073304210312 ], [ 17.223322709568514, 49.594096204210238 ] ] } },
{ "type": "Feature", "properties": { "legend": "cyklostezka" }, "geometry": { "type": "LineString", "coordinates": [ [ 17.260686709592285, 49.630310704228322 ], [ 17.260692209592285, 49.630345704228361 ], [ 17.260689709592278, 49.630389604228363 ], [ 17.26067520959225, 49.630443004228411 ], [ 17.260644709592231, 49.630521704228485 ], [ 17.260452209592067, 49.630922404228798 ], [ 17.259959209591649, 49.631990804229645 ], [ 17.259635409591361, 49.632698704230229 ], [ 17.259534309591263, 49.633006304230449 ], [ 17.258775009590629, 49.634622404231649 ], [ 17.2582814095902, 49.635699404232547 ], [ 17.257786609589775, 49.636770204233393 ], [ 17.257184709589254, 49.638063904234428 ], [ 17.256623409588776, 49.639288804235342 ], [ 17.256280109588484, 49.64002330423596 ], [ 17.256257609588474, 49.640067404235971 ] ] } },
{ "type": "Feature", "properties": { "legend": "cyklostezka" }, "geometry": { "type": "LineString", "coordinates": [ [ 17.260633409592256, 49.630014804228139 ], [ 17.260614109592247, 49.630064404228143 ], [ 17.260610309592238, 49.630113404228162 ], [ 17.260626309592237, 49.630167804228243 ], [ 17.260686709592285, 49.630310704228322 ] ] } },
{ "type": "Feature", "properties": { "legend": "cyklostezka" }, "geometry": { "type": "LineString", "coordinates": [ [ 17.264691609598152, 49.586817504197128 ], [ 17.264636709598097, 49.586857504197098 ], [ 17.264510509598011, 49.586950504197247 ] ] } },
{ "type": "Feature", "properties": { "legend": "cyklostezka" }, "geometry": { "type": "LineString", "coordinates": [ [ 17.260837009592422, 49.629719804227882 ], [ 17.260853209592433, 49.629766904227949 ], [ 17.26081000959239, 49.629820404227964 ] ] } },
{ "type": "Feature", "properties": { "legend": "cyklostezka" }, "geometry": { "type": "LineString", "coordinates": [ [ 17.250170909587755, 49.589399704201746 ], [ 17.250130709587715, 49.589578004201897 ], [ 17.250126709587704, 49.589667604201985 ] ] } },
{ "type": "Feature", "properties": { "legend": "cyklostezka" }, "geometry": { "type": "LineString", "coordinates": [ [ 17.270303709601841, 49.590417904198532 ], [ 17.270273409601824, 49.590409704198521 ], [ 17.270256709601828, 49.590396604198489 ], [ 17.270246009601792, 49.590381904198566 ], [ 17.270237509601802, 49.590360204198483 ], [ 17.270232309601788, 49.590339504198582 ], [ 17.270233809601795, 49.590322704198456 ], [ 17.270238309601798, 49.590312104198503 ] ] } },
{ "type": "Feature", "properties": { "legend": "cyklostezka" }, "geometry": { "type": "LineString", "coordinates": [ [ 17.269684409601393, 49.590592904198786 ], [ 17.269708309601423, 49.590549004198671 ], [ 17.269742309601444, 49.590486504198658 ], [ 17.269761709601458, 49.590450804198696 ], [ 17.269797809601481, 49.590384604198647 ], [ 17.269848509601513, 49.590291304198551 ] ] } },
{ "type": "Feature", "properties": { "legend": "cyklostezka" }, "geometry": { "type": "LineString", "coordinates": [ [ 17.269623209601342, 49.590663704198889 ], [ 17.269684409601393, 49.590592904198786 ] ] } },
{ "type": "Feature", "properties": { "legend": "cyklostezka" }, "geometry": { "type": "LineString", "coordinates": [ [ 17.269990709601597, 49.590759904198841 ], [ 17.270009109601617, 49.590761104198862 ], [ 17.270027109601621, 49.590760204198858 ], [ 17.270046709601626, 49.590758004198825 ], [ 17.270068409601642, 49.590755204198814 ], [ 17.270088009601675, 49.590753004198774 ], [ 17.270106009601676, 49.590752004198805 ], [ 17.270118109601686, 49.590751904198804 ], [ 17.270127609601683, 49.590753504198766 ] ] } },
{ "type": "Feature", "properties": { "legend": "cyklostezka" }, "geometry": { "type": "LineString", "coordinates": [ [ 17.269623209601342, 49.590663704198889 ], [ 17.269633709601344, 49.590673604198827 ], [ 17.269639609601349, 49.590683204198832 ] ] } },
{ "type": "Feature", "properties": { "legend": "cyklostezka" }, "geometry": { "type": "LineString", "coordinates": [ [ 17.2609137095953, 49.589580804199805 ], [ 17.26081400959524, 49.589566604199717 ] ] } },
{ "type": "Feature", "properties": { "legend": "cyklostezka" }, "geometry": { "type": "LineString", "coordinates": [ [ 17.270388409601924, 49.590056904198292 ], [ 17.27040070960194, 49.590007504198184 ], [ 17.270413509601955, 49.589975104198153 ], [ 17.270349009601919, 49.58989470419813 ] ] } },
{ "type": "Feature", "properties": { "legend": "cyklostezka" }, "geometry": { "type": "LineString", "coordinates": [ [ 17.269851409601504, 49.59072560419883 ], [ 17.269990709601597, 49.590759904198841 ] ] } },
{ "type": "Feature", "properties": { "legend": "cyklostezka" }, "geometry": { "type": "LineString", "coordinates": [ [ 17.224557609570088, 49.583843604202876 ], [ 17.224583909570111, 49.583807404202794 ] ] } },
{ "type": "Feature", "properties": { "legend": "cyklostezka" }, "geometry": { "type": "LineString", "coordinates": [ [ 17.220450909567429, 49.580285004201144 ], [ 17.220110209567217, 49.58005820420103 ] ] } },
{ "type": "Feature", "properties": { "legend": "cyklostezka" }, "geometry": { "type": "LineString", "coordinates": [ [ 17.220110209567217, 49.58005820420103 ], [ 17.219900309567056, 49.579922304201041 ], [ 17.219873809567048, 49.579911604201016 ], [ 17.219807709567004, 49.57989290420106 ], [ 17.219747009566969, 49.579884704201014 ], [ 17.219675609566906, 49.579882504200995 ], [ 17.21960420956686, 49.579888604201066 ], [ 17.219490809566789, 49.579912904201073 ] ] } },
{ "type": "Feature", "properties": { "legend": "cyklostezka" }, "geometry": { "type": "LineString", "coordinates": [ [ 17.283338609609718, 49.608648004208746 ], [ 17.283411509609763, 49.608732304208772 ], [ 17.283460409609788, 49.60879360420882 ], [ 17.283486109609797, 49.608825804208863 ] ] } },
{ "type": "Feature", "properties": { "legend": "cyklostezka" }, "geometry": { "type": "LineString", "coordinates": [ [ 17.267930509599655, 49.597782304204181 ], [ 17.267948009599674, 49.597796204204187 ], [ 17.267959909599682, 49.59781470420414 ], [ 17.267964709599692, 49.597834004204202 ], [ 17.267956809599678, 49.597859004204274 ] ] } },
{ "type": "Feature", "properties": { "legend": "cyklostezka" }, "geometry": { "type": "LineString", "coordinates": [ [ 17.257330909592, 49.600888504208363 ], [ 17.256809409591625, 49.601154804208612 ] ] } },
{ "type": "Feature", "properties": { "legend": "cyklostezka" }, "geometry": { "type": "LineString", "coordinates": [ [ 17.275826309605378, 49.595372604200939 ], [ 17.275788309605343, 49.595481904201002 ] ] } },
{ "type": "Feature", "properties": { "legend": "cyklostezka" }, "geometry": { "type": "LineString", "coordinates": [ [ 17.279706309608059, 49.595785104200452 ], [ 17.279605209607997, 49.595717604200388 ], [ 17.279587809607989, 49.595704904200417 ], [ 17.279580609607994, 49.595695604200372 ], [ 17.279572209607974, 49.595676604200428 ] ] } },
{ "type": "Feature", "properties": { "legend": "cyklostezka" }, "geometry": { "type": "LineString", "coordinates": [ [ 17.224455109569998, 49.583997604202992 ], [ 17.224396409569955, 49.584004104203018 ], [ 17.224384009569963, 49.584005504202977 ], [ 17.22434860956993, 49.584011804203008 ], [ 17.224330009569918, 49.584018104203011 ], [ 17.224292409569891, 49.584030704203002 ], [ 17.22426230956987, 49.584034204203029 ] ] } },
{ "type": "Feature", "properties": { "legend": "cyklostezka" }, "geometry": { "type": "LineString", "coordinates": [ [ 17.223873809569604, 49.58378810420291 ], [ 17.223882909569621, 49.583798504202946 ], [ 17.22390730956964, 49.583812204202971 ], [ 17.223926009569645, 49.583825804202917 ], [ 17.223943209569661, 49.583845304202974 ], [ 17.223959509569667, 49.583872004202988 ], [ 17.223964809569683, 49.583895004202986 ], [ 17.223960509569658, 49.583930204203057 ], [ 17.223967809569668, 49.583957204203024 ], [ 17.223984009569683, 49.583979104203031 ], [ 17.224002609569681, 49.583990304203077 ], [ 17.224032009569715, 49.584000204203065 ] ] } },
{ "type": "Feature", "properties": { "legend": "cyklostezka" }, "geometry": { "type": "LineString", "coordinates": [ [ 17.297092009618822, 49.616150804211244 ], [ 17.29714450961886, 49.616160804211283 ] ] } },
{ "type": "Feature", "properties": { "legend": "cyklostezka" }, "geometry": { "type": "LineString", "coordinates": [ [ 17.295544109617776, 49.615492004211127 ], [ 17.295768309617923, 49.615588204211157 ], [ 17.295868309617997, 49.615646704211159 ], [ 17.295923109618027, 49.615668104211174 ], [ 17.295980209618072, 49.615690404211151 ], [ 17.296200709618223, 49.615776604211185 ], [ 17.297052709618793, 49.616134404211294 ], [ 17.297092009618822, 49.616150804211244 ] ] } },
{ "type": "Feature", "properties": { "legend": "cyklostezka" }, "geometry": { "type": "LineString", "coordinates": [ [ 17.250826509589078, 49.576971604192934 ], [ 17.25086340958909, 49.576993204192931 ], [ 17.25093870958915, 49.57703730419297 ], [ 17.250982409589191, 49.577052704192923 ], [ 17.251011209589212, 49.577061004192913 ], [ 17.251025109589207, 49.577065104192954 ], [ 17.251080209589251, 49.577080404192898 ] ] } },
{ "type": "Feature", "properties": { "legend": "cyklostezka" }, "geometry": { "type": "LineString", "coordinates": [ [ 17.25086340958909, 49.576993204192931 ], [ 17.250832709589076, 49.577066604193 ], [ 17.250828309589078, 49.577077404192941 ] ] } },
{ "type": "Feature", "properties": { "legend": "cyklostezka" }, "geometry": { "type": "LineString", "coordinates": [ [ 17.262945209596733, 49.589533504199345 ], [ 17.26293680959671, 49.589573704199388 ] ] } },
{ "type": "Feature", "properties": { "legend": "cyklostezka" }, "geometry": { "type": "LineString", "coordinates": [ [ 17.262884409596676, 49.589791004199554 ], [ 17.262875309596666, 49.589828804199598 ] ] } },
{ "type": "Feature", "properties": { "legend": "cyklostezka" }, "geometry": { "type": "LineString", "coordinates": [ [ 17.26293680959671, 49.589573704199388 ], [ 17.262927109596713, 49.58961400419944 ], [ 17.262922709596726, 49.589632404199371 ] ] } },
{ "type": "Feature", "properties": { "legend": "cyklostezka" }, "geometry": { "type": "LineString", "coordinates": [ [ 17.262922709596726, 49.589632404199371 ], [ 17.262917209596697, 49.589655204199452 ] ] } },
{ "type": "Feature", "properties": { "legend": "cyklostezka" }, "geometry": { "type": "LineString", "coordinates": [ [ 17.262917209596697, 49.589655204199452 ], [ 17.262913709596702, 49.589669704199423 ], [ 17.262907209596687, 49.589696504199566 ], [ 17.262904409596697, 49.58970830419949 ] ] } },
{ "type": "Feature", "properties": { "legend": "cyklostezka" }, "geometry": { "type": "LineString", "coordinates": [ [ 17.262904409596697, 49.58970830419949 ], [ 17.262898609596686, 49.589732204199457 ] ] } },
{ "type": "Feature", "properties": { "legend": "cyklostezka" }, "geometry": { "type": "LineString", "coordinates": [ [ 17.301644209625223, 49.569942904178049 ], [ 17.301641209625227, 49.569928604178031 ], [ 17.301637409625222, 49.569907904178052 ], [ 17.301638309625229, 49.56988130417794 ], [ 17.301646909625237, 49.569858504178015 ], [ 17.301656909625237, 49.569843304178065 ], [ 17.301888309625429, 49.569566304177741 ], [ 17.302035009625538, 49.569394604177589 ], [ 17.302107509625589, 49.569309704177549 ], [ 17.302190209625653, 49.56921020417748 ], [ 17.30226280962572, 49.569119504177358 ], [ 17.302299909625741, 49.569071204177284 ], [ 17.302349509625788, 49.569003504177275 ], [ 17.302415609625832, 49.568916104177198 ], [ 17.302472309625887, 49.568847104177173 ], [ 17.302680409626053, 49.568599604176967 ], [ 17.302729209626076, 49.568538504176885 ], [ 17.302803309626146, 49.568453304176714 ], [ 17.303000409626289, 49.568219704176578 ], [ 17.303079009626359, 49.56812600417647 ], [ 17.303206809626456, 49.56797380417639 ], [ 17.303484809626667, 49.567634804176045 ], [ 17.30379010962691, 49.567277304175803 ], [ 17.303990609627068, 49.56704720417558 ], [ 17.304071209627129, 49.56695960417548 ], [ 17.30412160962716, 49.566904004175477 ], [ 17.304197509627233, 49.566821504175351 ], [ 17.304269309627287, 49.566741504175319 ], [ 17.304411409627392, 49.566577904175183 ], [ 17.304575209627515, 49.56638820417497 ], [ 17.304742709627639, 49.566192604174852 ], [ 17.304876709627756, 49.566037804174734 ], [ 17.305091309627922, 49.565789204174507 ], [ 17.305240509628035, 49.565617704174358 ], [ 17.305317309628087, 49.565530604174299 ], [ 17.305388609628142, 49.565442504174172 ], [ 17.305437509628192, 49.56538080417414 ], [ 17.305567209628286, 49.565218504174005 ], [ 17.305640809628347, 49.565131504173934 ], [ 17.305806509628479, 49.564942004173737 ], [ 17.305909109628555, 49.564824004173637 ], [ 17.306134009628728, 49.56457050417341 ], [ 17.30631910962887, 49.564362404173295 ], [ 17.306495509629016, 49.56416240417304 ], [ 17.306619909629109, 49.564021104172944 ], [ 17.306660809629143, 49.563974104172878 ] ] } },
{ "type": "Feature", "properties": { "legend": "cyklostezka" }, "geometry": { "type": "LineString", "coordinates": [ [ 17.309312209631191, 49.561274904170496 ], [ 17.309271109631158, 49.561302604170464 ], [ 17.309206009631094, 49.561356104170606 ], [ 17.309123809631039, 49.561440504170626 ], [ 17.308861409630843, 49.561728204170898 ], [ 17.308504909630553, 49.562118004171253 ], [ 17.308147309630279, 49.562511304171629 ], [ 17.308027709630192, 49.562642804171688 ], [ 17.307931409630115, 49.562748704171817 ], [ 17.307875309630063, 49.562813804171881 ], [ 17.307809809630015, 49.562892904171903 ], [ 17.307747109629975, 49.56296640417203 ], [ 17.307702309629928, 49.563020004172074 ], [ 17.307540409629812, 49.563204604172171 ], [ 17.307468309629751, 49.56328590417224 ], [ 17.307398209629707, 49.563364204172331 ], [ 17.30714940962951, 49.563641804172583 ], [ 17.307060909629445, 49.563741904172723 ], [ 17.306878109629295, 49.563947804172841 ], [ 17.306788309629226, 49.564049104172902 ], [ 17.306665709629129, 49.564186604173109 ], [ 17.306609609629096, 49.564252304173124 ], [ 17.306504209629008, 49.564371704173176 ], [ 17.306438809628943, 49.564446704173321 ], [ 17.306428009628938, 49.564463504173304 ], [ 17.306420009628933, 49.564480404173302 ], [ 17.306411909628924, 49.564503804173363 ], [ 17.306406409628924, 49.564524804173388 ], [ 17.306401309628907, 49.56454030417342 ], [ 17.306396009628926, 49.564552704173387 ], [ 17.306391009628914, 49.564561904173381 ], [ 17.30635910962889, 49.564599404173464 ], [ 17.30597170962859, 49.565036904173809 ], [ 17.305651109628336, 49.565396104174134 ], [ 17.305576909628289, 49.565472904174186 ], [ 17.30549560962821, 49.565549704174217 ], [ 17.305435609628166, 49.565602704174296 ], [ 17.305383809628136, 49.565651504174326 ], [ 17.305296609628066, 49.565728304174385 ], [ 17.305264209628046, 49.565759104174468 ], [ 17.305235709628018, 49.565789604174448 ], [ 17.304904109627763, 49.566175804174804 ], [ 17.304817409627706, 49.566275804174857 ], [ 17.304666509627573, 49.566451904175061 ], [ 17.304581509627518, 49.566552004175151 ], [ 17.304481209627433, 49.56666820417523 ], [ 17.304380209627368, 49.566790604175331 ], [ 17.3043239096273, 49.566862504175425 ], [ 17.304284009627281, 49.566914504175422 ], [ 17.304261109627262, 49.566943504175462 ], [ 17.304153509627177, 49.567079204175556 ], [ 17.304054209627097, 49.567195304175726 ], [ 17.303944709627025, 49.567324204175755 ], [ 17.303629409626772, 49.567692904176091 ], [ 17.303511509626674, 49.56783020417619 ], [ 17.303401309626597, 49.567967704176318 ], [ 17.303335709626541, 49.568046304176384 ], [ 17.302997209626266, 49.568449704176793 ], [ 17.302821009626136, 49.56866080417695 ], [ 17.302742609626065, 49.568750904176959 ], [ 17.302623509625988, 49.568893804177165 ], [ 17.302554709625941, 49.568974804177195 ], [ 17.302520409625902, 49.569011504177233 ], [ 17.302492609625887, 49.569041504177207 ], [ 17.302465009625866, 49.569070204177272 ], [ 17.302420109625821, 49.569117204177346 ], [ 17.302383509625802, 49.569155204177342 ], [ 17.302304909625736, 49.569246204177496 ], [ 17.302044909625529, 49.569554004177661 ], [ 17.301916509625435, 49.569705504177819 ], [ 17.30179500962533, 49.569851904177952 ], [ 17.301742209625292, 49.569905304178086 ], [ 17.301722909625283, 49.569913104178056 ], [ 17.301685209625251, 49.56992880417809 ], [ 17.301644209625223, 49.569942904178049 ] ] } },
{ "type": "Feature", "properties": { "legend": "cyklostezka" }, "geometry": { "type": "LineString", "coordinates": [ [ 17.306660809629143, 49.563974104172878 ], [ 17.306814109629268, 49.563801704172683 ], [ 17.307010009629408, 49.56358100417259 ], [ 17.30715390962952, 49.563419104172439 ], [ 17.307280309629636, 49.563278004172247 ], [ 17.307398809629717, 49.563146104172162 ], [ 17.307492509629782, 49.563043904172069 ], [ 17.307534909629815, 49.56299880417204 ], [ 17.307570309629845, 49.562962904172018 ], [ 17.307604009629873, 49.562928404171949 ], [ 17.307642009629909, 49.56288950417192 ], [ 17.307688209629948, 49.562843604171889 ], [ 17.307731809629981, 49.562798304171835 ], [ 17.307767709629999, 49.562763404171847 ], [ 17.307798509630022, 49.562731804171811 ], [ 17.307887409630087, 49.562636604171722 ], [ 17.308024809630187, 49.562483604171597 ], [ 17.308387009630479, 49.562086704171222 ], [ 17.308752209630761, 49.561687504170862 ], [ 17.308924209630902, 49.561498804170689 ], [ 17.309008109630962, 49.561406904170603 ], [ 17.309057909630997, 49.561346104170596 ], [ 17.309070409631012, 49.56132660417061 ], [ 17.309086809631022, 49.561296604170558 ], [ 17.309106509631047, 49.561254404170512 ], [ 17.309119609631054, 49.561223004170465 ] ] } },
{ "type": "Feature", "properties": { "legend": "cyklostezka" }, "geometry": { "type": "LineString", "coordinates": [ [ 17.307922709630017, 49.564010904172669 ], [ 17.307984109630066, 49.563906104172638 ], [ 17.308149409630214, 49.563615304172345 ], [ 17.30818080963023, 49.563560404172328 ], [ 17.308226509630259, 49.563498904172278 ], [ 17.308349509630361, 49.563360604172161 ], [ 17.308456209630453, 49.563183304171943 ], [ 17.308444209630441, 49.563152804172013 ], [ 17.308448809630452, 49.563124804171991 ], [ 17.308700009630655, 49.56268780417161 ], [ 17.308742209630701, 49.562614304171497 ] ] } },
{ "type": "Feature", "properties": { "legend": "cyklostezka" }, "geometry": { "type": "LineString", "coordinates": [ [ 17.306091909628556, 49.566639904174863 ], [ 17.306096709628566, 49.566579604174841 ], [ 17.306108909628598, 49.566532704174804 ], [ 17.306123109628576, 49.566494504174827 ], [ 17.306739509629093, 49.565438604173941 ], [ 17.307274709629528, 49.564612704173229 ], [ 17.307307209629553, 49.564569304173233 ], [ 17.307362009629603, 49.56453610417315 ], [ 17.30744110962965, 49.564508004173078 ], [ 17.307549609629731, 49.564486004173098 ], [ 17.307618709629779, 49.564461904173022 ], [ 17.307664709629819, 49.564432604172993 ], [ 17.307692109629844, 49.56439700417301 ], [ 17.307787409629913, 49.564237804172919 ], [ 17.307815809629929, 49.564190304172818 ], [ 17.307922709630017, 49.564010904172669 ] ] } },
{ "type": "Feature", "properties": { "legend": "cyklostezka" }, "geometry": { "type": "LineString", "coordinates": [ [ 17.267992509599708, 49.597623604204031 ], [ 17.268038809599744, 49.597620904204057 ], [ 17.268073009599767, 49.597612904204055 ], [ 17.268107209599794, 49.597601404203999 ], [ 17.268138209599829, 49.597584004204002 ] ] } },
{ "type": "Feature", "properties": { "legend": "cyklostezka" }, "geometry": { "type": "LineString", "coordinates": [ [ 17.267351009599274, 49.597489804204088 ], [ 17.267359309599282, 49.597473104203992 ] ] } },
{ "type": "Feature", "properties": { "legend": "cyklostezka" }, "geometry": { "type": "LineString", "coordinates": [ [ 17.267281209599211, 49.597629604204165 ], [ 17.267291409599224, 49.597609204204161 ] ] } },
{ "type": "Feature", "properties": { "legend": "cyklostezka" }, "geometry": { "type": "LineString", "coordinates": [ [ 17.268138209599829, 49.597584004204002 ], [ 17.268165009599834, 49.597590504204007 ] ] } },
{ "type": "Feature", "properties": { "legend": "cyklostezka" }, "geometry": { "type": "LineString", "coordinates": [ [ 17.26831670959994, 49.597627804203995 ], [ 17.2683972096, 49.59765180420397 ] ] } },
{ "type": "Feature", "properties": { "legend": "cyklostezka" }, "geometry": { "type": "LineString", "coordinates": [ [ 17.268165009599834, 49.597590504204007 ], [ 17.268191609599864, 49.597597004203934 ], [ 17.268214909599891, 49.597602704203965 ] ] } },
{ "type": "Feature", "properties": { "legend": "cyklostezka" }, "geometry": { "type": "LineString", "coordinates": [ [ 17.268214909599891, 49.597602704203965 ], [ 17.268252109599903, 49.597611904203973 ] ] } },
{ "type": "Feature", "properties": { "legend": "cyklostezka" }, "geometry": { "type": "LineString", "coordinates": [ [ 17.267989109599704, 49.597867004204161 ], [ 17.267956809599678, 49.597859004204274 ] ] } },
{ "type": "Feature", "properties": { "legend": "cyklostezka" }, "geometry": { "type": "LineString", "coordinates": [ [ 17.268124509599783, 49.597900804204173 ], [ 17.268105509599778, 49.597896104204217 ] ] } },
{ "type": "Feature", "properties": { "legend": "cyklostezka" }, "geometry": { "type": "LineString", "coordinates": [ [ 17.268358609599954, 49.597874704204202 ], [ 17.268354309599953, 49.59788170420412 ], [ 17.268333009599942, 49.59791630420419 ] ] } },
{ "type": "Feature", "properties": { "legend": "cyklostezka" }, "geometry": { "type": "LineString", "coordinates": [ [ 17.268437009600017, 49.597745304204004 ], [ 17.268425909600019, 49.597764104204032 ] ] } },
{ "type": "Feature", "properties": { "legend": "cyklostezka" }, "geometry": { "type": "LineString", "coordinates": [ [ 17.268425909600019, 49.597764104204032 ], [ 17.268417309599993, 49.597779404204068 ], [ 17.268407709599998, 49.597795004204038 ] ] } },
{ "type": "Feature", "properties": { "legend": "cyklostezka" }, "geometry": { "type": "LineString", "coordinates": [ [ 17.268407709599998, 49.597795004204038 ], [ 17.268393609599983, 49.597817704204097 ] ] } },
{ "type": "Feature", "properties": { "legend": "cyklostezka" }, "geometry": { "type": "LineString", "coordinates": [ [ 17.272082209602477, 49.599299704204384 ], [ 17.271955209602385, 49.599230904204397 ], [ 17.271416009602028, 49.598950004204283 ], [ 17.271361609601986, 49.598922204204328 ], [ 17.271255509601914, 49.598869404204258 ], [ 17.271122409601826, 49.598800304204289 ], [ 17.271063809601802, 49.598770404204245 ], [ 17.270422809601357, 49.598447104204162 ], [ 17.270355709601315, 49.598412704204158 ], [ 17.270195109601218, 49.598337804204121 ], [ 17.270146109601193, 49.598313904204076 ], [ 17.270093509601153, 49.598290904204092 ], [ 17.270045709601117, 49.598273804204048 ], [ 17.269808709600941, 49.598213304204087 ], [ 17.269487609600734, 49.59813690420409 ], [ 17.269143209600504, 49.598054804204139 ], [ 17.269045709600434, 49.598034704204103 ], [ 17.268987909600387, 49.598024104204107 ], [ 17.268930109600337, 49.598016904204144 ], [ 17.268888109600308, 49.598007804204101 ], [ 17.268396009599982, 49.597890204204084 ], [ 17.268354309599953, 49.59788170420412 ] ] } },
{ "type": "Feature", "properties": { "legend": "cyklostezka" }, "geometry": { "type": "LineString", "coordinates": [ [ 17.270435309601378, 49.598357104204069 ], [ 17.270578609601472, 49.598430804204064 ], [ 17.270797109601617, 49.598537504204131 ], [ 17.270858809601656, 49.59856740420414 ], [ 17.271217809601904, 49.598748304204129 ], [ 17.271333709601965, 49.598807404204244 ], [ 17.271437009602046, 49.598860404204196 ], [ 17.272052609602458, 49.599177704204294 ], [ 17.272104609602493, 49.599195904204294 ], [ 17.272160009602533, 49.599213304204326 ], [ 17.272197409602544, 49.599222604204357 ] ] } },
{ "type": "Feature", "properties": { "legend": "cyklostezka" }, "geometry": { "type": "LineString", "coordinates": [ [ 17.272183309602539, 49.599328604204409 ], [ 17.272082209602477, 49.599299704204384 ] ] } },
{ "type": "Feature", "properties": { "legend": "cyklostezka" }, "geometry": { "type": "LineString", "coordinates": [ [ 17.259684809594791, 49.584449704196409 ], [ 17.259721509594829, 49.584415804196411 ], [ 17.259757009594846, 49.584378804196326 ], [ 17.259785909594889, 49.584344904196321 ], [ 17.259802209594884, 49.584321404196331 ], [ 17.259814709594892, 49.584297904196319 ], [ 17.259824409594898, 49.584279404196238 ] ] } },
{ "type": "Feature", "properties": { "legend": "cyklostezka" }, "geometry": { "type": "LineString", "coordinates": [ [ 17.259715409595742, 49.571152104187078 ], [ 17.259735809595728, 49.571267704187171 ], [ 17.25967320959569, 49.571413904187288 ], [ 17.259629209595634, 49.571511104187344 ], [ 17.259569609595587, 49.571651904187455 ], [ 17.259478609595526, 49.571859904187662 ], [ 17.259453309595489, 49.571919004187706 ], [ 17.259434809595472, 49.571960304187741 ], [ 17.259418009595468, 49.571990204187692 ], [ 17.259392409595442, 49.572036104187724 ], [ 17.25933440959539, 49.572139904187829 ], [ 17.259261409595322, 49.572284204188051 ], [ 17.259168109595247, 49.572498004188226 ], [ 17.259106509595203, 49.572652504188255 ], [ 17.259055909595158, 49.572773704188307 ], [ 17.258912309595022, 49.573135504188599 ], [ 17.258805309594933, 49.573417504188839 ], [ 17.258724109594862, 49.573653604188998 ], [ 17.258682809594823, 49.573768804189172 ], [ 17.258601609594745, 49.574005404189272 ], [ 17.258523409594687, 49.574235204189478 ], [ 17.258478609594643, 49.574362604189574 ], [ 17.258446909594607, 49.574452804189669 ], [ 17.258424109594582, 49.574518604189727 ], [ 17.258393809594558, 49.574606204189806 ], [ 17.258357009594526, 49.574709904189845 ], [ 17.258327209594491, 49.574797304189921 ], [ 17.258299809594472, 49.574876804190005 ], [ 17.258274809594454, 49.574948504190033 ], [ 17.258267709594442, 49.574968804190021 ], [ 17.258237409594422, 49.575056204190162 ], [ 17.258202909594385, 49.575153904190202 ], [ 17.258177009594366, 49.575231404190198 ], [ 17.258165009594368, 49.575267404190278 ], [ 17.258122909594313, 49.575380304190389 ], [ 17.258113709594308, 49.575406304190395 ], [ 17.25805180959426, 49.575582104190481 ], [ 17.25804300959425, 49.57560700419058 ], [ 17.257988709594201, 49.575763204190686 ], [ 17.257942009594156, 49.575897804190831 ], [ 17.257912909594133, 49.575981604190822 ], [ 17.257896409594114, 49.576029804190846 ], [ 17.257866109594094, 49.576129404190958 ], [ 17.25785590959407, 49.57616410419093 ], [ 17.257843909594065, 49.576204704191049 ], [ 17.257830509594058, 49.576255804191064 ], [ 17.257817009594024, 49.576325104191092 ], [ 17.257808609594022, 49.576373004191169 ], [ 17.257805109594024, 49.576408004191137 ], [ 17.257803309594028, 49.57644450419118 ], [ 17.257800809594016, 49.576499004191248 ], [ 17.257803709594022, 49.576519404191217 ], [ 17.257807709594029, 49.576528404191237 ], [ 17.257815509594021, 49.576537404191214 ], [ 17.257833409594031, 49.576554504191265 ] ] } },
{ "type": "Feature", "properties": { "legend": "cyklostezka" }, "geometry": { "type": "LineString", "coordinates": [ [ 17.257693809593938, 49.576498904191268 ], [ 17.257696609593943, 49.576476504191255 ], [ 17.257697409593948, 49.576445604191193 ], [ 17.257699309593949, 49.576410104191162 ], [ 17.257701209593947, 49.576378904191145 ], [ 17.257704709593966, 49.576349704191124 ], [ 17.257708509593957, 49.576322104191107 ], [ 17.257709709593964, 49.576313204191088 ], [ 17.25771590959398, 49.57628150419108 ], [ 17.257723609593977, 49.576249304191052 ], [ 17.257731609593982, 49.576220004191065 ], [ 17.257739309593994, 49.576189104190995 ], [ 17.257749809594003, 49.576150304190961 ], [ 17.257759809594003, 49.576117704190999 ], [ 17.257761809594019, 49.576111204191001 ], [ 17.257800309594064, 49.575991504190803 ], [ 17.257878809594118, 49.575766704190755 ], [ 17.257944609594183, 49.575579504190522 ], [ 17.258044309594265, 49.57529290419027 ], [ 17.258053509594273, 49.57526640419033 ], [ 17.258095909594314, 49.575147004190192 ], [ 17.25814670959436, 49.575004204190122 ], [ 17.258156409594381, 49.574975904190048 ], [ 17.258221709594437, 49.574784504189921 ], [ 17.25825340959446, 49.574692004189849 ], [ 17.258339909594529, 49.574443004189753 ], [ 17.258419909594611, 49.574216604189466 ], [ 17.258492109594673, 49.574009204189338 ], [ 17.258541009594719, 49.573863204189209 ], [ 17.258685209594837, 49.573451404188972 ], [ 17.258798109594945, 49.573139404188694 ], [ 17.258919209595049, 49.572833904188414 ], [ 17.25902150959514, 49.572584504188207 ], [ 17.259144509595249, 49.572291204187984 ], [ 17.259250509595343, 49.572035504187767 ], [ 17.259292709595375, 49.571936404187689 ], [ 17.259317409595393, 49.571895804187754 ], [ 17.259409109595463, 49.571820704187665 ] ] } },
{ "type": "Feature", "properties": { "legend": "cyklostezka" }, "geometry": { "type": "LineString", "coordinates": [ [ 17.257652309593922, 49.576586004191242 ], [ 17.257669009593918, 49.576585004191308 ], [ 17.257685809593944, 49.576583904191274 ] ] } },
{ "type": "Feature", "properties": { "legend": "cyklostezka" }, "geometry": { "type": "LineString", "coordinates": [ [ 17.257812509594022, 49.576577504191256 ], [ 17.257865109594064, 49.576576304191192 ] ] } },
{ "type": "Feature", "properties": { "legend": "cyklostezka" }, "geometry": { "type": "LineString", "coordinates": [ [ 17.257652309593922, 49.576586004191242 ], [ 17.257677909593927, 49.576529504191299 ], [ 17.257693809593938, 49.576498904191268 ] ] } },
{ "type": "Feature", "properties": { "legend": "cyklostezka" }, "geometry": { "type": "LineString", "coordinates": [ [ 17.257833409594031, 49.576554504191265 ], [ 17.257865109594064, 49.576576304191192 ] ] } },
{ "type": "Feature", "properties": { "legend": "cyklostezka" }, "geometry": { "type": "LineString", "coordinates": [ [ 17.257740009593913, 49.577363904191785 ], [ 17.257738409593909, 49.577336404191783 ], [ 17.257737009593917, 49.577328404191853 ], [ 17.257734709593922, 49.577314904191844 ], [ 17.257683709593898, 49.577125304191647 ], [ 17.257676609593886, 49.57709690419162 ], [ 17.257671609593881, 49.577083404191654 ], [ 17.257666209593882, 49.577075704191657 ], [ 17.257656509593872, 49.577064604191619 ], [ 17.257646609593877, 49.577053604191612 ], [ 17.257638909593862, 49.577044004191642 ], [ 17.257635209593861, 49.577037804191612 ], [ 17.257631809593864, 49.577030004191585 ], [ 17.257618209593858, 49.5769900041916 ], [ 17.257585209593838, 49.576892604191542 ], [ 17.257582609593843, 49.576879704191505 ], [ 17.257583509593832, 49.57687200419155 ], [ 17.257585209593845, 49.57686540419148 ], [ 17.257591009593838, 49.576850404191482 ], [ 17.25759320959385, 49.576841804191474 ], [ 17.257594509593847, 49.57683380419148 ], [ 17.257594509593861, 49.576825504191525 ], [ 17.257575509593842, 49.576754604191358 ], [ 17.257567509593844, 49.576734004191437 ], [ 17.257560009593835, 49.576724204191429 ] ] } },
{ "type": "Feature", "properties": { "legend": "cyklostezka" }, "geometry": { "type": "LineString", "coordinates": [ [ 17.257537409593823, 49.576652804191362 ], [ 17.257538209593822, 49.576643704191383 ], [ 17.257540809593831, 49.57663470419137 ], [ 17.257546709593814, 49.576626704191348 ], [ 17.25755160959384, 49.576621804191326 ], [ 17.257564209593848, 49.576615904191343 ] ] } },
{ "type": "Feature", "properties": { "legend": "cyklostezka" }, "geometry": { "type": "LineString", "coordinates": [ [ 17.257560009593835, 49.576724204191429 ], [ 17.257549909593827, 49.576692404191405 ], [ 17.257537409593823, 49.576652804191362 ] ] } },
{ "type": "Feature", "properties": { "legend": "cyklostezka" }, "geometry": { "type": "LineString", "coordinates": [ [ 17.25775060959398, 49.576580504191227 ], [ 17.257812509594022, 49.576577504191256 ] ] } },
{ "type": "Feature", "properties": { "legend": "cyklostezka" }, "geometry": { "type": "LineString", "coordinates": [ [ 17.257951009594105, 49.576626304191301 ], [ 17.257964909594122, 49.576633404191263 ], [ 17.257972209594133, 49.576637904191301 ], [ 17.257976909594134, 49.576642504191277 ], [ 17.257980409594129, 49.576648204191279 ], [ 17.257983909594135, 49.576657604191276 ], [ 17.257998209594138, 49.576706604191351 ], [ 17.258085409594177, 49.57700420419151 ], [ 17.258132909594202, 49.577160904191629 ], [ 17.258170409594229, 49.577284804191656 ], [ 17.258180809594233, 49.577320104191699 ], [ 17.258184009594224, 49.577326404191759 ], [ 17.25819030959423, 49.577334804191729 ], [ 17.258200209594236, 49.577342804191773 ] ] } },
{ "type": "Feature", "properties": { "legend": "cyklostezka" }, "geometry": { "type": "LineString", "coordinates": [ [ 17.257742109593927, 49.577422704191832 ], [ 17.257740609593917, 49.577410004191876 ], [ 17.257739709593903, 49.577396604191861 ], [ 17.257740009593913, 49.577363904191785 ] ] } },
{ "type": "Feature", "properties": { "legend": "cyklostezka" }, "geometry": { "type": "LineString", "coordinates": [ [ 17.258740209594617, 49.577364904191676 ], [ 17.258711509594605, 49.577335904191663 ], [ 17.258700309594595, 49.577324604191674 ], [ 17.258693009594587, 49.577320004191641 ], [ 17.258686209594572, 49.577318704191654 ], [ 17.258679709594574, 49.577317804191658 ], [ 17.258673109594575, 49.57731780419163 ], [ 17.258666509594565, 49.577318704191633 ], [ 17.258656609594567, 49.577321404191615 ], [ 17.25862540959454, 49.577335904191621 ], [ 17.258584209594517, 49.577355804191669 ], [ 17.258566109594497, 49.57736470419168 ], [ 17.25855060959449, 49.577371304191701 ], [ 17.25853730959448, 49.577375204191661 ], [ 17.258523009594466, 49.577378204191753 ], [ 17.258507509594455, 49.577380904191699 ], [ 17.258486209594437, 49.577382804191686 ], [ 17.258450209594415, 49.577385504191668 ], [ 17.258430709594396, 49.577386404191699 ], [ 17.258407909594382, 49.577386204191718 ], [ 17.258384509594364, 49.577384904191725 ], [ 17.258353109594342, 49.577380504191687 ], [ 17.258322609594323, 49.577375504191714 ], [ 17.25829840959431, 49.577370604191728 ], [ 17.25824090959426, 49.57735470419172 ], [ 17.258200209594236, 49.577342804191773 ], [ 17.258188109594236, 49.577341104191738 ], [ 17.258174709594229, 49.577340804191721 ], [ 17.258159409594214, 49.577342404191718 ] ] } },
{ "type": "Feature", "properties": { "legend": "cyklostezka" }, "geometry": { "type": "LineString", "coordinates": [ [ 17.257742909593894, 49.577671004192084 ], [ 17.2577407095939, 49.577675204192047 ], [ 17.257735909593894, 49.577678404192035 ], [ 17.257727209593892, 49.577682404192068 ], [ 17.257712209593876, 49.577686604192095 ], [ 17.25769060959384, 49.577689104192139 ], [ 17.257566909593756, 49.577690004192121 ], [ 17.257543809593756, 49.577691404192109 ], [ 17.257525509593741, 49.577693504192084 ], [ 17.257506409593731, 49.577696204192137 ] ] } },
{ "type": "Feature", "properties": { "legend": "cyklostezka" }, "geometry": { "type": "LineString", "coordinates": [ [ 17.257506409593731, 49.577696204192137 ], [ 17.257477309593707, 49.577702004192126 ], [ 17.257420709593671, 49.57771340419211 ], [ 17.257390409593651, 49.577719504192167 ] ] } },
{ "type": "Feature", "properties": { "legend": "cyklostezka" }, "geometry": { "type": "LineString", "coordinates": [ [ 17.257876709594008, 49.577372604191829 ], [ 17.25783750959398, 49.577377504191801 ], [ 17.257817409593969, 49.577381704191836 ], [ 17.257803409593965, 49.57738600419183 ], [ 17.257787009593951, 49.57739270419178 ], [ 17.257776409593937, 49.577399304191843 ], [ 17.257764009593931, 49.577405804191812 ], [ 17.257755409593923, 49.577411504191858 ], [ 17.257747709593907, 49.577417504191878 ], [ 17.257742109593927, 49.577422704191832 ], [ 17.257738209593906, 49.577429804191944 ], [ 17.257735309593905, 49.577442904191905 ], [ 17.257734409593919, 49.577454204191866 ], [ 17.257737609593892, 49.577502304191967 ], [ 17.257739009593905, 49.577547404191925 ] ] } },
{ "type": "Feature", "properties": { "legend": "cyklostezka" }, "geometry": { "type": "LineString", "coordinates": [ [ 17.258056709594136, 49.577353404191769 ], [ 17.258002809594103, 49.577359104191743 ], [ 17.257959709594068, 49.577363704191825 ] ] } },
{ "type": "Feature", "properties": { "legend": "cyklostezka" }, "geometry": { "type": "LineString", "coordinates": [ [ 17.258159409594214, 49.577342404191718 ], [ 17.258056709594136, 49.577353404191769 ] ] } },
{ "type": "Feature", "properties": { "legend": "cyklostezka" }, "geometry": { "type": "LineString", "coordinates": [ [ 17.257927009594049, 49.577367204191802 ], [ 17.257904609594021, 49.577369604191887 ], [ 17.257876709594008, 49.577372604191829 ] ] } },
{ "type": "Feature", "properties": { "legend": "cyklostezka" }, "geometry": { "type": "LineString", "coordinates": [ [ 17.257959709594068, 49.577363704191825 ], [ 17.257927009594049, 49.577367204191802 ] ] } },
{ "type": "Feature", "properties": { "legend": "cyklostezka" }, "geometry": { "type": "LineString", "coordinates": [ [ 17.257739009593905, 49.577547404191925 ], [ 17.257740109593897, 49.577580704191966 ], [ 17.257741009593893, 49.577611104191995 ] ] } },
{ "type": "Feature", "properties": { "legend": "cyklostezka" }, "geometry": { "type": "LineString", "coordinates": [ [ 17.257741609593896, 49.577631104192051 ], [ 17.257742209593896, 49.577650204192025 ], [ 17.257742909593894, 49.577671004192084 ] ] } },
{ "type": "Feature", "properties": { "legend": "cyklostezka" }, "geometry": { "type": "LineString", "coordinates": [ [ 17.257741009593893, 49.577611104191995 ], [ 17.257741609593896, 49.577631104192051 ] ] } },
{ "type": "Feature", "properties": { "legend": "cyklostezka" }, "geometry": { "type": "LineString", "coordinates": [ [ 17.259372209594602, 49.58413220419628 ], [ 17.259378009594595, 49.584122604196281 ], [ 17.259380609594604, 49.584117204196268 ], [ 17.259381009594605, 49.584110704196263 ], [ 17.259378309594602, 49.584102704196233 ], [ 17.259374709594599, 49.584091804196227 ], [ 17.259373809594596, 49.584082904196187 ], [ 17.259374309594588, 49.584073404196232 ], [ 17.259377409594592, 49.584063104196197 ], [ 17.259384909594608, 49.584050204196252 ], [ 17.25946500959466, 49.583939804196099 ], [ 17.25947650959468, 49.583925704196112 ], [ 17.259489309594695, 49.5839125041961 ], [ 17.259504309594703, 49.583897304196064 ], [ 17.25951670959472, 49.583885304196052 ], [ 17.259535809594734, 49.583867204196061 ], [ 17.259561009594755, 49.583844204195977 ], [ 17.259653909594824, 49.583763104195882 ], [ 17.259677109594843, 49.583745804195893 ], [ 17.259691909594849, 49.583735304195919 ], [ 17.25979850959493, 49.583642604195816 ], [ 17.259956509595053, 49.583504404195729 ], [ 17.26004010959511, 49.583434904195691 ], [ 17.260087409595144, 49.583389904195606 ], [ 17.260166209595219, 49.583309904195531 ], [ 17.260262209595286, 49.58321580419544 ], [ 17.260386509595385, 49.583109404195326 ], [ 17.260550809595511, 49.582967204195249 ], [ 17.260757409595666, 49.582786204195067 ], [ 17.260767409595672, 49.582776004195026 ], [ 17.260775509595682, 49.582771204195097 ], [ 17.260787509595687, 49.582766004195044 ], [ 17.260809309595693, 49.582761404195054 ], [ 17.260837309595725, 49.58275810419498 ] ] } },
{ "type": "Feature", "properties": { "legend": "cyklostezka" }, "geometry": { "type": "LineString", "coordinates": [ [ 17.259326409594571, 49.584203304196322 ], [ 17.259348209594581, 49.584169504196318 ], [ 17.259372209594602, 49.58413220419628 ] ] } },
{ "type": "Feature", "properties": { "legend": "cyklostezka" }, "geometry": { "type": "LineString", "coordinates": [ [ 17.259326409594571, 49.584203304196322 ], [ 17.259321609594551, 49.58420960419631 ], [ 17.259317809594556, 49.584213204196296 ], [ 17.25931030959455, 49.584217904196329 ], [ 17.259299509594541, 49.584223004196339 ], [ 17.259292209594548, 49.584227104196358 ], [ 17.259284409594521, 49.584232604196337 ], [ 17.259276909594526, 49.584238904196319 ], [ 17.259270509594515, 49.584245304196365 ], [ 17.259265209594513, 49.584251604196403 ], [ 17.259257209594512, 49.584262004196354 ], [ 17.25924680959449, 49.584282704196482 ], [ 17.259237309594493, 49.584304304196415 ], [ 17.259205609594456, 49.584387904196475 ], [ 17.259193109594449, 49.584425904196529 ], [ 17.259185709594444, 49.584449504196527 ], [ 17.259176609594437, 49.584485704196531 ], [ 17.259163409594411, 49.584536404196619 ], [ 17.25915720959442, 49.584567604196614 ], [ 17.259152309594395, 49.584604004196613 ], [ 17.259146109594404, 49.584651504196692 ], [ 17.259141509594389, 49.58469420419673 ], [ 17.259137409594398, 49.584754004196732 ], [ 17.259136809594388, 49.584789604196821 ], [ 17.259137109594374, 49.584846004196841 ], [ 17.259140609594375, 49.584908804196843 ], [ 17.259146109594386, 49.584973004196868 ], [ 17.259153409594379, 49.585034704196943 ], [ 17.259172709594385, 49.585210304197048 ], [ 17.259183809594383, 49.585320804197131 ], [ 17.259193109594381, 49.585438104197202 ], [ 17.259196309594376, 49.5854519041972 ], [ 17.259203909594376, 49.585469004197265 ], [ 17.259212709594397, 49.585482304197207 ], [ 17.259217409594385, 49.585491004197245 ], [ 17.259221409594396, 49.585498404197267 ], [ 17.259224809594397, 49.585507604197211 ], [ 17.259246809594391, 49.585817704197403 ], [ 17.259253909594388, 49.585888604197507 ], [ 17.259254909594389, 49.585900704197599 ], [ 17.259251909594386, 49.585918204197547 ] ] } },
{ "type": "Feature", "properties": { "legend": "cyklostezka" }, "geometry": { "type": "LineString", "coordinates": [ [ 17.2598704095948, 49.586206204197637 ], [ 17.259916009594832, 49.586204804197635 ], [ 17.259941509594857, 49.586205004197559 ], [ 17.259960309594859, 49.58620740419763 ], [ 17.259981109594882, 49.586213304197571 ], [ 17.2600066095949, 49.586223504197569 ], [ 17.260032009594919, 49.586235904197558 ], [ 17.26005350959495, 49.586245504197549 ], [ 17.260071609594934, 49.586251504197627 ], [ 17.260088709594953, 49.586255504197624 ], [ 17.260128609594986, 49.586260904197594 ], [ 17.260272809595076, 49.586284804197589 ], [ 17.26035790959515, 49.586302404197554 ], [ 17.260412909595185, 49.586316504197612 ], [ 17.260463909595213, 49.5863313041976 ], [ 17.260517909595244, 49.586347804197615 ], [ 17.260573809595297, 49.586366104197538 ], [ 17.260588609595299, 49.586371704197525 ], [ 17.26059360959529, 49.586377404197584 ], [ 17.260593609595283, 49.586383304197618 ], [ 17.260589609595296, 49.586391704197617 ], [ 17.260545909595272, 49.586441904197692 ] ] } },
{ "type": "Feature", "properties": { "legend": "cyklostezka" }, "geometry": { "type": "LineString", "coordinates": [ [ 17.259614909594614, 49.586214604197707 ], [ 17.2598704095948, 49.586206204197637 ] ] } },
{ "type": "Feature", "properties": { "legend": "cyklostezka" }, "geometry": { "type": "LineString", "coordinates": [ [ 17.259442909594505, 49.586221104197762 ], [ 17.259614909594614, 49.586214604197707 ] ] } },
{ "type": "Feature", "properties": { "legend": "cyklostezka" }, "geometry": { "type": "LineString", "coordinates": [ [ 17.263154809596983, 49.58792060419821 ], [ 17.263119209596958, 49.587918104198224 ] ] } },
{ "type": "Feature", "properties": { "legend": "cyklostezka" }, "geometry": { "type": "LineString", "coordinates": [ [ 17.263036609596917, 49.587843504198148 ], [ 17.26308120959694, 49.587871304198188 ] ] } },
{ "type": "Feature", "properties": { "legend": "cyklostezka" }, "geometry": { "type": "LineString", "coordinates": [ [ 17.26308120959694, 49.587871304198188 ], [ 17.263104609596954, 49.58788540419819 ], [ 17.263113909596964, 49.58789080419821 ], [ 17.263124709596955, 49.587897304198215 ] ] } },
{ "type": "Feature", "properties": { "legend": "cyklostezka" }, "geometry": { "type": "LineString", "coordinates": [ [ 17.262964809596873, 49.587798704198114 ], [ 17.26295810959687, 49.587793304198129 ], [ 17.262954409596862, 49.587788704198132 ], [ 17.262949709596864, 49.587780204198111 ], [ 17.262947709596869, 49.587773904198102 ], [ 17.262946709596857, 49.587767004198049 ], [ 17.262948309596855, 49.587759204198136 ], [ 17.262972809596878, 49.587715704198089 ] ] } },
{ "type": "Feature", "properties": { "legend": "cyklostezka" }, "geometry": { "type": "LineString", "coordinates": [ [ 17.263031209596924, 49.587640304198018 ], [ 17.26305410959694, 49.587615704198001 ] ] } },
{ "type": "Feature", "properties": { "legend": "cyklostezka" }, "geometry": { "type": "LineString", "coordinates": [ [ 17.262993509596903, 49.587688904198032 ], [ 17.263031209596924, 49.587640304198018 ] ] } },
{ "type": "Feature", "properties": { "legend": "cyklostezka" }, "geometry": { "type": "LineString", "coordinates": [ [ 17.262972809596878, 49.587715704198089 ], [ 17.262984209596883, 49.587700904198059 ], [ 17.262993509596903, 49.587688904198032 ] ] } },
{ "type": "Feature", "properties": { "legend": "cyklostezka" }, "geometry": { "type": "LineString", "coordinates": [ [ 17.262964809596873, 49.587798704198114 ], [ 17.263006509596899, 49.587824704198169 ] ] } },
{ "type": "Feature", "properties": { "legend": "cyklostezka" }, "geometry": { "type": "LineString", "coordinates": [ [ 17.263006509596899, 49.587824704198169 ], [ 17.263020109596901, 49.587833204198112 ], [ 17.263036609596917, 49.587843504198148 ] ] } },
{ "type": "Feature", "properties": { "legend": "cyklostezka" }, "geometry": { "type": "LineString", "coordinates": [ [ 17.263455909597223, 49.587653704197905 ], [ 17.263359709597147, 49.587717404197996 ], [ 17.263279709597086, 49.587788104198061 ], [ 17.263140909596977, 49.58787920419816 ], [ 17.263128909596986, 49.587889904198114 ], [ 17.263124709596955, 49.587897304198215 ], [ 17.263121209596974, 49.587908804198179 ], [ 17.263119209596958, 49.587918104198224 ], [ 17.263116609596967, 49.587929504198222 ], [ 17.263113509596966, 49.587935804198189 ], [ 17.263108509596968, 49.587941804198195 ], [ 17.263102409596957, 49.587948004198168 ], [ 17.262923609596818, 49.588058804198283 ] ] } },
{ "type": "Feature", "properties": { "legend": "cyklostezka" }, "geometry": { "type": "LineString", "coordinates": [ [ 17.262923609596818, 49.588058804198283 ], [ 17.262898309596803, 49.588074404198345 ], [ 17.26287100959679, 49.588091204198328 ] ] } },
{ "type": "Feature", "properties": { "legend": "cyklostezka" }, "geometry": { "type": "LineString", "coordinates": [ [ 17.26287100959679, 49.588091204198328 ], [ 17.262298909596353, 49.588425804198643 ], [ 17.262151509596251, 49.588507504198809 ], [ 17.262121509596231, 49.588526804198779 ], [ 17.262097109596194, 49.588545404198882 ], [ 17.262048209596177, 49.588577104198848 ], [ 17.262035109596159, 49.588585604198904 ], [ 17.262015309596148, 49.588595904198804 ], [ 17.261968709596111, 49.588619304198879 ] ] } },
{ "type": "Feature", "properties": { "legend": "cyklostezka" }, "geometry": { "type": "LineString", "coordinates": [ [ 17.261968709596111, 49.588619304198879 ], [ 17.26194990959609, 49.588628704198918 ], [ 17.261897209596057, 49.588655204198943 ], [ 17.261869909596044, 49.588668904198911 ] ] } },
{ "type": "Feature", "properties": { "legend": "cyklostezka" }, "geometry": { "type": "LineString", "coordinates": [ [ 17.260934009595317, 49.589529704199769 ], [ 17.2609137095953, 49.589580804199805 ] ] } },
{ "type": "Feature", "properties": { "legend": "cyklostezka" }, "geometry": { "type": "LineString", "coordinates": [ [ 17.260984709595366, 49.589402004199677 ], [ 17.260978509595375, 49.58941760419966 ], [ 17.260968209595344, 49.589443604199651 ], [ 17.260949809595331, 49.589489904199709 ], [ 17.260934009595317, 49.589529704199769 ] ] } },
{ "type": "Feature", "properties": { "legend": "cyklostezka" }, "geometry": { "type": "LineString", "coordinates": [ [ 17.261012409595395, 49.589332304199637 ], [ 17.261000309595378, 49.589362904199646 ], [ 17.260993009595378, 49.589381204199611 ] ] } },
{ "type": "Feature", "properties": { "legend": "cyklostezka" }, "geometry": { "type": "LineString", "coordinates": [ [ 17.260993009595378, 49.589381204199611 ], [ 17.260984709595366, 49.589402004199677 ] ] } },
{ "type": "Feature", "properties": { "legend": "cyklostezka" }, "geometry": { "type": "LineString", "coordinates": [ [ 17.260518609595028, 49.589527604199851 ], [ 17.26044970959498, 49.589522604199836 ] ] } },
{ "type": "Feature", "properties": { "legend": "cyklostezka" }, "geometry": { "type": "LineString", "coordinates": [ [ 17.26081400959524, 49.589566604199717 ], [ 17.260753909595181, 49.589552804199784 ] ] } },
{ "type": "Feature", "properties": { "legend": "cyklostezka" }, "geometry": { "type": "LineString", "coordinates": [ [ 17.261257709595483, 49.590438504200314 ], [ 17.261239709595468, 49.590422504200362 ], [ 17.26118630959542, 49.590388104200343 ], [ 17.261143909595411, 49.590360104200265 ], [ 17.261058209595358, 49.59029450420028 ], [ 17.261025409595334, 49.590266504200272 ], [ 17.260996909595324, 49.590235004200238 ], [ 17.260969409595297, 49.590196104200196 ], [ 17.260927709595268, 49.590131604200138 ], [ 17.260889009595246, 49.590064504200093 ], [ 17.260862109595234, 49.590018604200118 ], [ 17.260837709595211, 49.589972104200001 ] ] } },
{ "type": "Feature", "properties": { "legend": "cyklostezka" }, "geometry": { "type": "LineString", "coordinates": [ [ 17.262182509596073, 49.591498504200807 ], [ 17.262160909596052, 49.591471804200886 ], [ 17.26214210959602, 49.591448504200898 ] ] } },
{ "type": "Feature", "properties": { "legend": "cyklostezka" }, "geometry": { "type": "LineString", "coordinates": [ [ 17.26214210959602, 49.591448504200898 ], [ 17.262135709596041, 49.591440604200905 ] ] } },
{ "type": "Feature", "properties": { "legend": "cyklostezka" }, "geometry": { "type": "LineString", "coordinates": [ [ 17.262187609596047, 49.591504804200888 ], [ 17.262182509596073, 49.591498504200807 ] ] } },
{ "type": "Feature", "properties": { "legend": "cyklostezka" }, "geometry": { "type": "LineString", "coordinates": [ [ 17.26044970959498, 49.589522604199836 ], [ 17.26044060959498, 49.589512704199826 ], [ 17.260428109594969, 49.589505004199857 ], [ 17.260411209594949, 49.589498404199816 ], [ 17.26036010959492, 49.589483204199816 ], [ 17.260244409594829, 49.589450004199833 ], [ 17.259939209594631, 49.589366804199869 ] ] } },
{ "type": "Feature", "properties": { "legend": "cyklostezka" }, "geometry": { "type": "LineString", "coordinates": [ [ 17.259939209594631, 49.589366804199869 ], [ 17.259876709594575, 49.589354504199839 ], [ 17.259826809594561, 49.589344804199797 ] ] } },
{ "type": "Feature", "properties": { "legend": "cyklostezka" }, "geometry": { "type": "LineString", "coordinates": [ [ 17.258627509593722, 49.589110804199898 ], [ 17.258371409593536, 49.589063604199936 ], [ 17.258068309593341, 49.589007704199908 ], [ 17.257767409593125, 49.588950504199985 ] ] } },
{ "type": "Feature", "properties": { "legend": "cyklostezka" }, "geometry": { "type": "LineString", "coordinates": [ [ 17.258692109593767, 49.589122504199885 ], [ 17.258654409593753, 49.58911570419987 ], [ 17.258627509593722, 49.589110804199898 ] ] } },
{ "type": "Feature", "properties": { "legend": "cyklostezka" }, "geometry": { "type": "LineString", "coordinates": [ [ 17.257767409593125, 49.588950504199985 ], [ 17.257734509593121, 49.588945004199942 ], [ 17.257696109593091, 49.58893850419998 ] ] } },
{ "type": "Feature", "properties": { "legend": "cyklostezka" }, "geometry": { "type": "LineString", "coordinates": [ [ 17.254370909590708, 49.589488604200987 ], [ 17.254369109590709, 49.589492604201027 ], [ 17.254364509590712, 49.589500004201028 ], [ 17.254351609590696, 49.589512404201017 ], [ 17.254339309590694, 49.589521004200968 ] ] } },
{ "type": "Feature", "properties": { "legend": "cyklostezka" }, "geometry": { "type": "LineString", "coordinates": [ [ 17.254326009590688, 49.589269104200895 ], [ 17.25430920959068, 49.589276504200853 ], [ 17.25429140959066, 49.589285904200914 ], [ 17.254278209590659, 49.589296804200913 ], [ 17.254269809590646, 49.589307804200892 ], [ 17.25426380959064, 49.589325104200924 ], [ 17.254263609590634, 49.589337604200892 ], [ 17.254266809590646, 49.589350304200885 ], [ 17.254271109590647, 49.589359404200955 ], [ 17.254277609590666, 49.589368304200867 ], [ 17.254358809590702, 49.589448404200994 ], [ 17.254366309590704, 49.589457804200919 ], [ 17.254370309590712, 49.589466204200988 ], [ 17.254372509590716, 49.589475104200993 ], [ 17.25437250959072, 49.589482504200944 ], [ 17.254370909590708, 49.589488604200987 ] ] } },
{ "type": "Feature", "properties": { "legend": "cyklostezka" }, "geometry": { "type": "LineString", "coordinates": [ [ 17.254326009590688, 49.589269104200895 ], [ 17.254309009590674, 49.58925090420086 ], [ 17.254274109590668, 49.589213104200795 ] ] } },
{ "type": "Feature", "properties": { "legend": "cyklostezka" }, "geometry": { "type": "LineString", "coordinates": [ [ 17.254011809590491, 49.588965204200655 ], [ 17.253955209590451, 49.5889150042007 ] ] } },
{ "type": "Feature", "properties": { "legend": "cyklostezka" }, "geometry": { "type": "LineString", "coordinates": [ [ 17.25411230959055, 49.589059504200755 ], [ 17.254061809590524, 49.589013804200711 ], [ 17.254011809590491, 49.588965204200655 ] ] } },
{ "type": "Feature", "properties": { "legend": "cyklostezka" }, "geometry": { "type": "LineString", "coordinates": [ [ 17.254274109590668, 49.589213104200795 ], [ 17.254243709590636, 49.589184204200798 ], [ 17.254216009590614, 49.58915790420081 ] ] } },
{ "type": "Feature", "properties": { "legend": "cyklostezka" }, "geometry": { "type": "LineString", "coordinates": [ [ 17.254216009590614, 49.58915790420081 ], [ 17.254203309590618, 49.589145904200748 ], [ 17.254196009590611, 49.58913890420078 ] ] } },
{ "type": "Feature", "properties": { "legend": "cyklostezka" }, "geometry": { "type": "LineString", "coordinates": [ [ 17.256981409592591, 49.588918104200054 ], [ 17.256923809592539, 49.58894180420009 ] ] } },
{ "type": "Feature", "properties": { "legend": "cyklostezka" }, "geometry": { "type": "LineString", "coordinates": [ [ 17.277579609606889, 49.591547204197852 ], [ 17.277602709606892, 49.591551904197956 ], [ 17.277630009606913, 49.59155750419793 ] ] } },
{ "type": "Feature", "properties": { "legend": "cyklostezka" }, "geometry": { "type": "LineString", "coordinates": [ [ 17.277781909607011, 49.591588604197916 ], [ 17.277835009607042, 49.591599404197872 ], [ 17.27784960960706, 49.591602404197879 ] ] } },
{ "type": "Feature", "properties": { "legend": "cyklostezka" }, "geometry": { "type": "LineString", "coordinates": [ [ 17.277689009606949, 49.5915696041979 ], [ 17.277738209606984, 49.591579604197868 ], [ 17.277781909607011, 49.591588604197916 ] ] } },
{ "type": "Feature", "properties": { "legend": "cyklostezka" }, "geometry": { "type": "LineString", "coordinates": [ [ 17.277630009606913, 49.59155750419793 ], [ 17.277689009606949, 49.5915696041979 ] ] } },
{ "type": "Feature", "properties": { "legend": "cyklostezka" }, "geometry": { "type": "LineString", "coordinates": [ [ 17.277495609606806, 49.59152920419794 ], [ 17.277520609606835, 49.591534604197882 ], [ 17.277550609606852, 49.591541204197931 ] ] } },
{ "type": "Feature", "properties": { "legend": "cyklostezka" }, "geometry": { "type": "LineString", "coordinates": [ [ 17.277550609606852, 49.591541204197931 ], [ 17.277579609606889, 49.591547204197852 ] ] } },
{ "type": "Feature", "properties": { "legend": "cyklostezka" }, "geometry": { "type": "LineString", "coordinates": [ [ 17.27797260960714, 49.59162570419786 ], [ 17.27794200960712, 49.591619904197934 ], [ 17.27790050960709, 49.591612104197907 ], [ 17.277878709607077, 49.591607904197851 ] ] } },
{ "type": "Feature", "properties": { "legend": "cyklostezka" }, "geometry": { "type": "LineString", "coordinates": [ [ 17.276914409606253, 49.593706504199588 ], [ 17.276871109606216, 49.593800404199641 ] ] } },
{ "type": "Feature", "properties": { "legend": "cyklostezka" }, "geometry": { "type": "LineString", "coordinates": [ [ 17.276941609606279, 49.593646904199538 ], [ 17.27692810960626, 49.59367690419954 ], [ 17.276914409606253, 49.593706504199588 ] ] } },
{ "type": "Feature", "properties": { "legend": "cyklostezka" }, "geometry": { "type": "LineString", "coordinates": [ [ 17.238530109579102, 49.59617160420872 ], [ 17.238513809579075, 49.596156004208765 ], [ 17.238489009579062, 49.596132104208735 ], [ 17.238464409579048, 49.5961085042088 ], [ 17.23843910957903, 49.596084304208667 ], [ 17.238424609579013, 49.596070404208703 ] ] } },
{ "type": "Feature", "properties": { "legend": "cyklostezka" }, "geometry": { "type": "LineString", "coordinates": [ [ 17.248748509587326, 49.581251704196326 ], [ 17.248752509587323, 49.581239904196295 ], [ 17.248760209587317, 49.581226704196339 ], [ 17.248772109587339, 49.581210904196283 ], [ 17.248795309587369, 49.581184804196276 ], [ 17.248807009587367, 49.581170204196262 ], [ 17.248813709587377, 49.581160204196237 ], [ 17.248819809587374, 49.58114980419623 ], [ 17.248825109587379, 49.581137604196257 ], [ 17.248829809587384, 49.581125504196216 ], [ 17.248833209587385, 49.58111420419624 ], [ 17.248835909587392, 49.581102004196211 ], [ 17.248836209587385, 49.581089604196208 ], [ 17.248832509587405, 49.58105110419617 ], [ 17.248809909587401, 49.580837904195981 ], [ 17.248775709587385, 49.580554104195805 ], [ 17.248746609587382, 49.580338904195678 ], [ 17.248742709587372, 49.580313404195699 ], [ 17.248738909587367, 49.58029190419564 ], [ 17.248733109587381, 49.580270704195584 ], [ 17.248724609587374, 49.580243704195581 ], [ 17.248709609587351, 49.580205804195629 ], [ 17.24867360958735, 49.580117004195507 ], [ 17.248660909587333, 49.580082504195524 ], [ 17.248655909587338, 49.580063504195458 ], [ 17.248652409587343, 49.580045604195433 ], [ 17.248652009587335, 49.580027104195437 ], [ 17.248654709587335, 49.580010604195479 ], [ 17.248660909587347, 49.579988104195444 ], [ 17.248670109587358, 49.579965904195454 ], [ 17.248691309587372, 49.579919204195399 ], [ 17.248700909587377, 49.579898204195402 ], [ 17.248706709587374, 49.579882504195325 ], [ 17.248709409587381, 49.579871304195379 ], [ 17.248709809587375, 49.579860304195329 ], [ 17.248709409587381, 49.579842304195353 ], [ 17.248704809587394, 49.579815804195292 ], [ 17.248694009587393, 49.579767604195283 ], [ 17.248683609587378, 49.579709004195244 ], [ 17.248680509587395, 49.579690704195222 ], [ 17.248676309587381, 49.57967750419526 ], [ 17.248669409587379, 49.579659004195214 ], [ 17.248661509587379, 49.579640404195231 ], [ 17.248650509587364, 49.579627304195206 ], [ 17.248630109587342, 49.579606104195207 ], [ 17.248597309587336, 49.579576604195125 ], [ 17.248586209587316, 49.579565404195201 ], [ 17.248578109587314, 49.579557104195139 ], [ 17.248575009587313, 49.579549404195177 ] ] } },
{ "type": "Feature", "properties": { "legend": "cyklostezka" }, "geometry": { "type": "LineString", "coordinates": [ [ 17.248575009587313, 49.579549404195177 ], [ 17.24856930958731, 49.579518204195132 ], [ 17.248565809587312, 49.579493704195116 ] ] } },
{ "type": "Feature", "properties": { "legend": "cyklostezka" }, "geometry": { "type": "LineString", "coordinates": [ [ 17.248748509587326, 49.581251704196326 ], [ 17.248424109587113, 49.581121904196252 ] ] } },
{ "type": "Feature", "properties": { "legend": "cyklostezka" }, "geometry": { "type": "LineString", "coordinates": [ [ 17.248748509587326, 49.581251704196326 ], [ 17.248794109587358, 49.581271704196375 ], [ 17.24881760958737, 49.581284004196327 ] ] } },
{ "type": "Feature", "properties": { "legend": "cyklostezka" }, "geometry": { "type": "LineString", "coordinates": [ [ 17.248893009587405, 49.581335404196345 ], [ 17.248893109587417, 49.58133850419631 ], [ 17.248907709587431, 49.581370104196324 ] ] } },
{ "type": "Feature", "properties": { "legend": "cyklostezka" }, "geometry": { "type": "LineString", "coordinates": [ [ 17.24881760958737, 49.581284004196327 ], [ 17.248851109587385, 49.581301404196367 ], [ 17.248881709587412, 49.581317404196305 ] ] } },
{ "type": "Feature", "properties": { "legend": "cyklostezka" }, "geometry": { "type": "LineString", "coordinates": [ [ 17.248895109587419, 49.581324404196266 ], [ 17.248901209587416, 49.581316804196376 ], [ 17.248908509587423, 49.581311104196381 ], [ 17.248921309587438, 49.581306104196329 ], [ 17.248948209587461, 49.581300304196297 ] ] } },
{ "type": "Feature", "properties": { "legend": "cyklostezka" }, "geometry": { "type": "LineString", "coordinates": [ [ 17.248948209587461, 49.581300304196297 ], [ 17.249004609587494, 49.581290904196308 ], [ 17.249042209587529, 49.581284704196314 ] ] } },
{ "type": "Feature", "properties": { "legend": "cyklostezka" }, "geometry": { "type": "LineString", "coordinates": [ [ 17.248907709587431, 49.581370104196324 ], [ 17.248925609587438, 49.58141060419635 ], [ 17.248946109587436, 49.581457204196447 ], [ 17.248954009587454, 49.581475104196457 ] ] } },
{ "type": "Feature", "properties": { "legend": "cyklostezka" }, "geometry": { "type": "LineString", "coordinates": [ [ 17.248954009587454, 49.581475104196457 ], [ 17.248961709587451, 49.581491404196406 ] ] } },
{ "type": "Feature", "properties": { "legend": "cyklostezka" }, "geometry": { "type": "LineString", "coordinates": [ [ 17.248961709587451, 49.581491404196406 ], [ 17.248977409587461, 49.581524504196445 ], [ 17.248998909587467, 49.581568204196515 ] ] } },
{ "type": "Feature", "properties": { "legend": "cyklostezka" }, "geometry": { "type": "LineString", "coordinates": [ [ 17.248998909587467, 49.581568204196515 ], [ 17.249010509587489, 49.581593204196501 ], [ 17.249022209587487, 49.581623404196506 ] ] } },
{ "type": "Feature", "properties": { "legend": "cyklostezka" }, "geometry": { "type": "LineString", "coordinates": [ [ 17.249022209587487, 49.581623404196506 ], [ 17.249007609587476, 49.581645204196548 ], [ 17.248996509587467, 49.581662504196572 ] ] } },
{ "type": "Feature", "properties": { "legend": "cyklostezka" }, "geometry": { "type": "LineString", "coordinates": [ [ 17.248996509587467, 49.581662504196572 ], [ 17.248982309587454, 49.581682204196554 ] ] } },
{ "type": "Feature", "properties": { "legend": "cyklostezka" }, "geometry": { "type": "LineString", "coordinates": [ [ 17.248350309587043, 49.581093504196289 ], [ 17.248333509587042, 49.581087104196271 ] ] } },
{ "type": "Feature", "properties": { "legend": "cyklostezka" }, "geometry": { "type": "LineString", "coordinates": [ [ 17.248424109587113, 49.581121904196252 ], [ 17.248387109587075, 49.581107704196292 ], [ 17.248350309587043, 49.581093504196289 ] ] } },
{ "type": "Feature", "properties": { "legend": "cyklostezka" }, "geometry": { "type": "LineString", "coordinates": [ [ 17.248881709587412, 49.581317404196305 ], [ 17.248895109587419, 49.581324404196266 ], [ 17.248892809587417, 49.581330504196352 ], [ 17.248893009587405, 49.581335404196345 ] ] } },
{ "type": "Feature", "properties": { "legend": "cyklostezka" }, "geometry": { "type": "LineString", "coordinates": [ [ 17.263638309596956, 49.593222704201821 ], [ 17.263611309596946, 49.593230604201807 ], [ 17.263572009596924, 49.593242204201843 ] ] } },
{ "type": "Feature", "properties": { "legend": "cyklostezka" }, "geometry": { "type": "LineString", "coordinates": [ [ 17.263429309596802, 49.593295404201925 ], [ 17.263492309596849, 49.593272104201851 ] ] } },
{ "type": "Feature", "properties": { "legend": "cyklostezka" }, "geometry": { "type": "LineString", "coordinates": [ [ 17.263492309596849, 49.593272104201851 ], [ 17.263533509596886, 49.593256704201877 ], [ 17.263572009596924, 49.593242204201843 ] ] } },
{ "type": "Feature", "properties": { "legend": "cyklostezka" }, "geometry": { "type": "LineString", "coordinates": [ [ 17.263658809596969, 49.593156104201825 ], [ 17.263673909596992, 49.593171704201801 ], [ 17.263703509597004, 49.59320230420181 ], [ 17.263717509597022, 49.593216804201781 ] ] } },
{ "type": "Feature", "properties": { "legend": "cyklostezka" }, "geometry": { "type": "LineString", "coordinates": [ [ 17.263794309597071, 49.593305204201826 ], [ 17.263816809597074, 49.593331904201875 ], [ 17.263831109597085, 49.593348904201896 ], [ 17.264013309597196, 49.593550804201946 ] ] } },
{ "type": "Feature", "properties": { "legend": "cyklostezka" }, "geometry": { "type": "LineString", "coordinates": [ [ 17.264039109597228, 49.593582904201959 ], [ 17.264155809597298, 49.593715204202006 ], [ 17.264272409597368, 49.593847404202101 ], [ 17.264347609597415, 49.593932504202158 ], [ 17.264514009597526, 49.594116304202267 ] ] } },
{ "type": "Feature", "properties": { "legend": "cyklostezka" }, "geometry": { "type": "LineString", "coordinates": [ [ 17.264039109597228, 49.593582904201959 ], [ 17.264026009597206, 49.593566904201985 ], [ 17.264013309597196, 49.593550804201946 ] ] } },
{ "type": "Feature", "properties": { "legend": "cyklostezka" }, "geometry": { "type": "LineString", "coordinates": [ [ 17.263773809597058, 49.593276504201832 ], [ 17.263784709597061, 49.593291704201825 ], [ 17.263794309597071, 49.593305204201826 ] ] } },
{ "type": "Feature", "properties": { "legend": "cyklostezka" }, "geometry": { "type": "LineString", "coordinates": [ [ 17.265348509598219, 49.592588704201006 ], [ 17.265411509598248, 49.592553004201022 ] ] } },
{ "type": "Feature", "properties": { "legend": "cyklostezka" }, "geometry": { "type": "LineString", "coordinates": [ [ 17.265289109598168, 49.592624104201086 ], [ 17.265317909598185, 49.592607004201056 ], [ 17.265348509598219, 49.592588704201006 ] ] } },
{ "type": "Feature", "properties": { "legend": "cyklostezka" }, "geometry": { "type": "LineString", "coordinates": [ [ 17.263717509597022, 49.593216804201781 ], [ 17.263735409597032, 49.593235404201771 ], [ 17.263773809597058, 49.593276504201832 ] ] } },
{ "type": "Feature", "properties": { "legend": "cyklostezka" }, "geometry": { "type": "LineString", "coordinates": [ [ 17.263638309596956, 49.593222704201821 ], [ 17.263658509596961, 49.593216404201819 ], [ 17.263703509597004, 49.59320230420181 ] ] } },
{ "type": "Feature", "properties": { "legend": "cyklostezka" }, "geometry": { "type": "LineString", "coordinates": [ [ 17.264514009597526, 49.594116304202267 ], [ 17.264527809597517, 49.594132004202251 ], [ 17.264542609597541, 49.594149004202215 ] ] } },
{ "type": "Feature", "properties": { "legend": "cyklostezka" }, "geometry": { "type": "LineString", "coordinates": [ [ 17.264542609597541, 49.594149004202215 ], [ 17.264635109597588, 49.594237804202329 ], [ 17.264660809597622, 49.594263804202335 ], [ 17.264678509597626, 49.594283304202328 ], [ 17.264693709597637, 49.594301904202382 ], [ 17.264724809597656, 49.594335904202325 ], [ 17.264842809597717, 49.594466504202494 ], [ 17.264999209597814, 49.594638804202567 ] ] } },
{ "type": "Feature", "properties": { "legend": "cyklostezka" }, "geometry": { "type": "LineString", "coordinates": [ [ 17.238205509579455, 49.587711404202899 ], [ 17.238536809579678, 49.587779104202873 ] ] } },
{ "type": "Feature", "properties": { "legend": "cyklostezka" }, "geometry": { "type": "LineString", "coordinates": [ [ 17.238536809579678, 49.587779104202873 ], [ 17.238573709579704, 49.587788304202853 ], [ 17.238677509579777, 49.587814204202871 ], [ 17.2387090095798, 49.587822104202871 ] ] } },
{ "type": "Feature", "properties": { "legend": "cyklostezka" }, "geometry": { "type": "LineString", "coordinates": [ [ 17.238947009579949, 49.587998104202924 ], [ 17.238914009579936, 49.588008304202944 ], [ 17.238874309579902, 49.588020804202934 ], [ 17.238840709579875, 49.58802950420305 ] ] } },
{ "type": "Feature", "properties": { "legend": "cyklostezka" }, "geometry": { "type": "LineString", "coordinates": [ [ 17.238989009579981, 49.587988504202933 ], [ 17.238967509579972, 49.587993304202946 ], [ 17.238947009579949, 49.587998104202924 ] ] } },
{ "type": "Feature", "properties": { "legend": "cyklostezka" }, "geometry": { "type": "LineString", "coordinates": [ [ 17.237935209579259, 49.587659704202913 ], [ 17.2381233095794, 49.587696504202945 ] ] } },
{ "type": "Feature", "properties": { "legend": "cyklostezka" }, "geometry": { "type": "LineString", "coordinates": [ [ 17.2381233095794, 49.587696504202945 ], [ 17.238165309579415, 49.587704104202899 ], [ 17.238205509579455, 49.587711404202899 ] ] } },
{ "type": "Feature", "properties": { "legend": "cyklostezka" }, "geometry": { "type": "LineString", "coordinates": [ [ 17.237829409579177, 49.587826004203073 ], [ 17.237882809579222, 49.587836404203038 ] ] } },
{ "type": "Feature", "properties": { "legend": "cyklostezka" }, "geometry": { "type": "LineString", "coordinates": [ [ 17.238015009579318, 49.587858404202983 ], [ 17.238043909579336, 49.587864104203014 ] ] } },
{ "type": "Feature", "properties": { "legend": "cyklostezka" }, "geometry": { "type": "LineString", "coordinates": [ [ 17.239524109580366, 49.587932404202796 ], [ 17.239503409580344, 49.587949804202836 ], [ 17.239495009580356, 49.587954504202806 ], [ 17.239488409580336, 49.587956804202825 ], [ 17.239480309580333, 49.587958404202794 ], [ 17.239470009580316, 49.58795950420285 ], [ 17.239450509580301, 49.587960404202811 ], [ 17.239429309580292, 49.587959904202862 ], [ 17.239405309580274, 49.587958404202823 ], [ 17.239383809580268, 49.58795630420282 ], [ 17.239360209580251, 49.587952504202839 ], [ 17.239145309580088, 49.587909804202859 ], [ 17.238838909579886, 49.587847604202885 ], [ 17.2387090095798, 49.587822104202871 ] ] } },
{ "type": "Feature", "properties": { "legend": "cyklostezka" }, "geometry": { "type": "LineString", "coordinates": [ [ 17.237876909579224, 49.587633704202908 ], [ 17.237902609579237, 49.58764450420292 ], [ 17.237935209579259, 49.587659704202913 ] ] } },
{ "type": "Feature", "properties": { "legend": "cyklostezka" }, "geometry": { "type": "LineString", "coordinates": [ [ 17.237841809579201, 49.587627004202922 ], [ 17.237876909579224, 49.587633704202908 ] ] } },
{ "type": "Feature", "properties": { "legend": "cyklostezka" }, "geometry": { "type": "LineString", "coordinates": [ [ 17.224046009569722, 49.584002804203024 ], [ 17.224032009569715, 49.584000204203065 ] ] } },
{ "type": "Feature", "properties": { "legend": "cyklostezka" }, "geometry": { "type": "LineString", "coordinates": [ [ 17.224098209569743, 49.58401100420307 ], [ 17.224074109569738, 49.58400720420304 ], [ 17.224046009569722, 49.584002804203024 ] ] } },
{ "type": "Feature", "properties": { "legend": "cyklostezka" }, "geometry": { "type": "LineString", "coordinates": [ [ 17.224130309569766, 49.584015904203071 ], [ 17.224098209569743, 49.58401100420307 ] ] } },
{ "type": "Feature", "properties": { "legend": "cyklostezka" }, "geometry": { "type": "LineString", "coordinates": [ [ 17.224534609570071, 49.583876404202847 ], [ 17.224546509570079, 49.583859504202849 ], [ 17.224557609570088, 49.583843604202876 ] ] } },
{ "type": "Feature", "properties": { "legend": "cyklostezka" }, "geometry": { "type": "LineString", "coordinates": [ [ 17.224487209570036, 49.583943904202904 ], [ 17.224501309570037, 49.583923704202924 ], [ 17.22451210957006, 49.583908404202916 ] ] } },
{ "type": "Feature", "properties": { "legend": "cyklostezka" }, "geometry": { "type": "LineString", "coordinates": [ [ 17.22451210957006, 49.583908404202916 ], [ 17.224534609570071, 49.583876404202847 ] ] } },
{ "type": "Feature", "properties": { "legend": "cyklostezka" }, "geometry": { "type": "LineString", "coordinates": [ [ 17.238424609579013, 49.596070404208703 ], [ 17.238387909578989, 49.596035204208754 ], [ 17.238306209578951, 49.595956904208698 ] ] } },
{ "type": "Feature", "properties": { "legend": "cyklostezka" }, "geometry": { "type": "LineString", "coordinates": [ [ 17.238306209578951, 49.595956904208698 ], [ 17.238283609578939, 49.595935704208671 ] ] } },
{ "type": "Feature", "properties": { "legend": "cyklostezka" }, "geometry": { "type": "LineString", "coordinates": [ [ 17.238530109579102, 49.59617160420872 ], [ 17.238541709579099, 49.596182604208735 ], [ 17.238548109579099, 49.596186604208732 ], [ 17.238557109579109, 49.596189004208703 ], [ 17.238574109579119, 49.596191504208733 ], [ 17.238588409579133, 49.596193104208808 ], [ 17.23865230957918, 49.596200004208754 ] ] } },
{ "type": "Feature", "properties": { "legend": "cyklostezka" }, "geometry": { "type": "LineString", "coordinates": [ [ 17.23865230957918, 49.596200004208754 ], [ 17.238683409579199, 49.596188604208734 ] ] } },
{ "type": "Feature", "properties": { "legend": "cyklostezka" }, "geometry": { "type": "LineString", "coordinates": [ [ 17.257370709592877, 49.588681204199844 ], [ 17.257384709592873, 49.588698704199906 ], [ 17.257752909593144, 49.588765704199794 ] ] } },
{ "type": "Feature", "properties": { "legend": "cyklostezka" }, "geometry": { "type": "LineString", "coordinates": [ [ 17.257761909593142, 49.588784904199841 ], [ 17.257752809593143, 49.588806104199854 ], [ 17.257740509593113, 49.588835004199936 ], [ 17.257727309593104, 49.588865704199897 ], [ 17.257715809593101, 49.588892504199968 ], [ 17.257705009593103, 49.588917704200007 ] ] } },
{ "type": "Feature", "properties": { "legend": "cyklostezka" }, "geometry": { "type": "LineString", "coordinates": [ [ 17.257705009593103, 49.588917704200007 ], [ 17.257696109593091, 49.58893850419998 ] ] } },
{ "type": "Feature", "properties": { "legend": "cyklostezka" }, "geometry": { "type": "LineString", "coordinates": [ [ 17.257752909593144, 49.588765704199794 ], [ 17.257768909593153, 49.588768704199808 ], [ 17.257761909593142, 49.588784904199841 ] ] } },
{ "type": "Feature", "properties": { "legend": "cyklostezka" }, "geometry": { "type": "LineString", "coordinates": [ [ 17.248229609587284, 49.576586004193096 ], [ 17.248243709587275, 49.576605604193183 ], [ 17.24825510958728, 49.576621404193183 ] ] } },
{ "type": "Feature", "properties": { "legend": "cyklostezka" }, "geometry": { "type": "LineString", "coordinates": [ [ 17.248262209587292, 49.576656404193159 ], [ 17.248267009587295, 49.576638304193182 ], [ 17.24825510958728, 49.576621404193183 ] ] } },
{ "type": "Feature", "properties": { "legend": "cyklostezka" }, "geometry": { "type": "LineString", "coordinates": [ [ 17.248242809587275, 49.576716904193233 ], [ 17.248254109587283, 49.576681804193242 ], [ 17.248262209587292, 49.576656404193159 ] ] } },
{ "type": "Feature", "properties": { "legend": "cyklostezka" }, "geometry": { "type": "LineString", "coordinates": [ [ 17.248233109587268, 49.57675040419322 ], [ 17.248235909587262, 49.576741204193297 ], [ 17.248242809587275, 49.576716904193233 ] ] } },
{ "type": "Feature", "properties": { "legend": "cyklostezka" }, "geometry": { "type": "LineString", "coordinates": [ [ 17.248217009587247, 49.576803204193283 ], [ 17.248225909587273, 49.576774104193298 ], [ 17.248233109587268, 49.57675040419322 ] ] } },
{ "type": "Feature", "properties": { "legend": "cyklostezka" }, "geometry": { "type": "LineString", "coordinates": [ [ 17.248267009587309, 49.576403704192998 ], [ 17.248242309587305, 49.576408404192989 ], [ 17.248197609587258, 49.5764173041931 ], [ 17.248171809587248, 49.576422404193039 ] ] } },
{ "type": "Feature", "properties": { "legend": "cyklostezka" }, "geometry": { "type": "LineString", "coordinates": [ [ 17.248292509587341, 49.576400004192983 ], [ 17.248275409587322, 49.576402504192984 ], [ 17.248267009587309, 49.576403704192998 ] ] } },
{ "type": "Feature", "properties": { "legend": "cyklostezka" }, "geometry": { "type": "LineString", "coordinates": [ [ 17.248511509587452, 49.576904704193318 ], [ 17.24849070958744, 49.576907204193297 ], [ 17.248400409587379, 49.576917604193341 ], [ 17.248372809587352, 49.576921404193335 ] ] } },
{ "type": "Feature", "properties": { "legend": "cyklostezka" }, "geometry": { "type": "LineString", "coordinates": [ [ 17.248372809587352, 49.576921404193335 ], [ 17.248325509587318, 49.576926604193389 ] ] } },
{ "type": "Feature", "properties": { "legend": "cyklostezka" }, "geometry": { "type": "LineString", "coordinates": [ [ 17.248638509587533, 49.576875904193251 ], [ 17.24862000958753, 49.576876804193304 ], [ 17.248609909587525, 49.576877904193324 ], [ 17.248600009587516, 49.576879504193272 ], [ 17.24859250958751, 49.576881304193321 ], [ 17.248584809587513, 49.576883804193251 ], [ 17.248551909587473, 49.576898204193341 ], [ 17.248546209587477, 49.576900404193303 ], [ 17.248540109587466, 49.57690210419333 ], [ 17.24853400958747, 49.576902904193268 ], [ 17.248511509587452, 49.576904704193318 ] ] } },
{ "type": "Feature", "properties": { "legend": "cyklostezka" }, "geometry": { "type": "LineString", "coordinates": [ [ 17.249011109587798, 49.576883104193165 ], [ 17.248957009587762, 49.576885704193273 ], [ 17.248863409587702, 49.576872704193235 ], [ 17.248844209587695, 49.576870904193186 ], [ 17.248826709587675, 49.576870404193222 ], [ 17.248788509587651, 49.576870404193222 ], [ 17.248748109587609, 49.576871504193278 ] ] } },
{ "type": "Feature", "properties": { "legend": "cyklostezka" }, "geometry": { "type": "LineString", "coordinates": [ [ 17.248748109587609, 49.576871504193278 ], [ 17.248696709587581, 49.576874204193295 ], [ 17.248638509587533, 49.576875904193251 ] ] } },
{ "type": "Feature", "properties": { "legend": "cyklostezka" }, "geometry": { "type": "LineString", "coordinates": [ [ 17.248329309587319, 49.576943104193397 ], [ 17.248325509587318, 49.576926604193389 ] ] } },
{ "type": "Feature", "properties": { "legend": "cyklostezka" }, "geometry": { "type": "LineString", "coordinates": [ [ 17.248489109587467, 49.57639200419294 ], [ 17.248482209587465, 49.576390804192926 ], [ 17.248475009587466, 49.576390704193003 ], [ 17.248465509587461, 49.576390604192895 ] ] } },
{ "type": "Feature", "properties": { "legend": "cyklostezka" }, "geometry": { "type": "LineString", "coordinates": [ [ 17.24832070958735, 49.576396804192996 ], [ 17.248310109587337, 49.576397904192952 ], [ 17.248292509587341, 49.576400004192983 ] ] } },
{ "type": "Feature", "properties": { "legend": "cyklostezka" }, "geometry": { "type": "LineString", "coordinates": [ [ 17.24837210958739, 49.576394604192956 ], [ 17.248346709587381, 49.576395704193011 ], [ 17.24832070958735, 49.576396804192996 ] ] } },
{ "type": "Feature", "properties": { "legend": "cyklostezka" }, "geometry": { "type": "LineString", "coordinates": [ [ 17.248403309587406, 49.576393304193004 ], [ 17.24837210958739, 49.576394604192956 ] ] } },
{ "type": "Feature", "properties": { "legend": "cyklostezka" }, "geometry": { "type": "LineString", "coordinates": [ [ 17.251016009589204, 49.577161304193019 ], [ 17.250988809589185, 49.57717120419305 ], [ 17.250903309589127, 49.577188204193007 ], [ 17.250784109589041, 49.577204404193068 ] ] } },
{ "type": "Feature", "properties": { "legend": "cyklostezka" }, "geometry": { "type": "LineString", "coordinates": [ [ 17.255539409592345, 49.577591304192431 ], [ 17.255473609592297, 49.577587704192439 ], [ 17.255456209592296, 49.57758670419242 ], [ 17.255447509592287, 49.577585804192417 ], [ 17.255440709592293, 49.577584804192462 ], [ 17.255434509592273, 49.577583204192464 ], [ 17.255428709592262, 49.577581004192446 ], [ 17.25539930959226, 49.577568604192443 ], [ 17.255395109592254, 49.577566804192401 ], [ 17.255390909592247, 49.577565504192435 ], [ 17.255384909592237, 49.577564604192446 ], [ 17.255356209592215, 49.577562204192482 ] ] } },
{ "type": "Feature", "properties": { "legend": "cyklostezka" }, "geometry": { "type": "LineString", "coordinates": [ [ 17.250930409590001, 49.564473704184145 ], [ 17.250926409590001, 49.564523904184135 ], [ 17.250922209590012, 49.564571504184173 ], [ 17.250917909589987, 49.564583204184224 ], [ 17.250913509589992, 49.564594904184197 ], [ 17.250890209589951, 49.564639804184289 ], [ 17.25085920958994, 49.564692204184304 ] ] } },
{ "type": "Feature", "properties": { "legend": "cyklostezka" }, "geometry": { "type": "LineString", "coordinates": [ [ 17.250623909589716, 49.565534804184914 ], [ 17.250637109589725, 49.565494004184863 ], [ 17.25067600958976, 49.565345304184802 ], [ 17.250740509589821, 49.565082704184569 ], [ 17.250771609589858, 49.564975104184448 ], [ 17.250815809589898, 49.564831404184368 ], [ 17.25085920958994, 49.564692204184304 ] ] } },
{ "type": "Feature", "properties": { "legend": "cyklostezka" }, "geometry": { "type": "LineString", "coordinates": [ [ 17.25085920958994, 49.564692204184304 ], [ 17.250863509589944, 49.564631004184299 ], [ 17.250867109589958, 49.564589404184204 ], [ 17.25087030958996, 49.564578804184201 ], [ 17.250873509589955, 49.564568204184233 ], [ 17.250902209589988, 49.56451850418415 ], [ 17.250930409590001, 49.564473704184145 ] ] } },
{ "type": "Feature", "properties": { "legend": "cyklostezka" }, "geometry": { "type": "LineString", "coordinates": [ [ 17.267830609600395, 49.586125504195991 ], [ 17.267891909600444, 49.586105004196007 ], [ 17.268056109600568, 49.586000104195925 ] ] } },
{ "type": "Feature", "properties": { "legend": "cyklostezka" }, "geometry": { "type": "LineString", "coordinates": [ [ 17.268056109600568, 49.586000104195925 ], [ 17.268112309600625, 49.585963904195779 ], [ 17.268153009600645, 49.585937704195828 ] ] } },
{ "type": "Feature", "properties": { "legend": "cyklostezka" }, "geometry": { "type": "LineString", "coordinates": [ [ 17.285890509611292, 49.611597304210306 ], [ 17.28591030961131, 49.611619404210309 ], [ 17.285931909611318, 49.611643604210308 ] ] } },
{ "type": "Feature", "properties": { "legend": "cyklostezka" }, "geometry": { "type": "LineString", "coordinates": [ [ 17.285975509611351, 49.611690404210343 ], [ 17.286020509611376, 49.611712204210342 ], [ 17.286153509611463, 49.611858104210476 ], [ 17.286396609611597, 49.612124804210616 ], [ 17.286538309611693, 49.612280004210689 ], [ 17.287108909612055, 49.612906004211005 ], [ 17.287114109612059, 49.612935604211017 ] ] } },
{ "type": "Feature", "properties": { "legend": "cyklostezka" }, "geometry": { "type": "LineString", "coordinates": [ [ 17.285931909611318, 49.611643604210308 ], [ 17.285951909611317, 49.611664004210361 ], [ 17.285975509611351, 49.611690404210343 ] ] } },
{ "type": "Feature", "properties": { "legend": "cyklostezka" }, "geometry": { "type": "LineString", "coordinates": [ [ 17.253330109591037, 49.57405560419037 ], [ 17.253546809591199, 49.573987704190301 ], [ 17.253895609591442, 49.573872704190109 ] ] } },
{ "type": "Feature", "properties": { "legend": "cyklostezka" }, "geometry": { "type": "LineString", "coordinates": [ [ 17.269768309601442, 49.590709204198838 ], [ 17.269851409601504, 49.59072560419883 ] ] } },
{ "type": "Feature", "properties": { "legend": "cyklostezka" }, "geometry": { "type": "LineString", "coordinates": [ [ 17.269639609601349, 49.590683204198832 ], [ 17.269768309601442, 49.590709204198838 ] ] } },
{ "type": "Feature", "properties": { "legend": "cyklostezka" }, "geometry": { "type": "LineString", "coordinates": [ [ 17.250846509589145, 49.57620060419238 ], [ 17.250827609589134, 49.576198004192378 ] ] } },
{ "type": "Feature", "properties": { "legend": "cyklostezka" }, "geometry": { "type": "LineString", "coordinates": [ [ 17.294695009619943, 49.576076104183741 ], [ 17.294745509619975, 49.576089704183715 ] ] } },
{ "type": "Feature", "properties": { "legend": "cyklostezka" }, "geometry": { "type": "LineString", "coordinates": [ [ 17.261756009595786, 49.591013004200605 ], [ 17.261723309595769, 49.591026204200602 ], [ 17.261593009595678, 49.591076704200773 ] ] } },
{ "type": "Feature", "properties": { "legend": "cyklostezka" }, "geometry": { "type": "LineString", "coordinates": [ [ 17.231600209574548, 49.591132804206602 ], [ 17.231633509574575, 49.59114020420661 ], [ 17.231695909574622, 49.591150104206591 ] ] } },
{ "type": "Feature", "properties": { "legend": "cyklostezka" }, "geometry": { "type": "LineString", "coordinates": [ [ 17.232224709574982, 49.591358304206665 ], [ 17.232261009575009, 49.591401304206613 ] ] } },
{ "type": "Feature", "properties": { "legend": "cyklostezka" }, "geometry": { "type": "LineString", "coordinates": [ [ 17.231988509574812, 49.591390404206685 ], [ 17.231965509574799, 49.591442504206704 ] ] } },
{ "type": "Feature", "properties": { "legend": "cyklostezka" }, "geometry": { "type": "LineString", "coordinates": [ [ 17.248274009587728, 49.570322104188797 ], [ 17.248290809587743, 49.570316704188706 ], [ 17.248301609587759, 49.570307004188734 ], [ 17.24830890958777, 49.570289104188682 ] ] } },
{ "type": "Feature", "properties": { "legend": "cyklostezka" }, "geometry": { "type": "LineString", "coordinates": [ [ 17.248334209587778, 49.570198504188653 ], [ 17.248338109587788, 49.570185304188655 ], [ 17.248363709587807, 49.570188504188657 ] ] } },
{ "type": "Feature", "properties": { "legend": "cyklostezka" }, "geometry": { "type": "LineString", "coordinates": [ [ 17.24830890958777, 49.570289104188682 ], [ 17.248319609587778, 49.570250804188646 ] ] } },
{ "type": "Feature", "properties": { "legend": "cyklostezka" }, "geometry": { "type": "LineString", "coordinates": [ [ 17.248319609587778, 49.570250804188646 ], [ 17.248322509587766, 49.570240304188722 ], [ 17.248324109587777, 49.570234704188714 ] ] } },
{ "type": "Feature", "properties": { "legend": "cyklostezka" }, "geometry": { "type": "LineString", "coordinates": [ [ 17.234397909576497, 49.591623604206312 ], [ 17.234382209576477, 49.591655204206418 ], [ 17.234358409576455, 49.591714404206442 ] ] } },
{ "type": "Feature", "properties": { "legend": "cyklostezka" }, "geometry": { "type": "LineString", "coordinates": [ [ 17.234447309576531, 49.591593804206298 ], [ 17.23443320957653, 49.591600404206389 ], [ 17.234420109576508, 49.591607204206404 ], [ 17.234409509576512, 49.591614004206406 ], [ 17.234397909576497, 49.591623604206312 ] ] } },
{ "type": "Feature", "properties": { "legend": "cyklostezka" }, "geometry": { "type": "LineString", "coordinates": [ [ 17.242070709580815, 49.607203104215806 ], [ 17.242117809580851, 49.607188304215789 ] ] } },
{ "type": "Feature", "properties": { "legend": "cyklostezka" }, "geometry": { "type": "LineString", "coordinates": [ [ 17.241993509580759, 49.607235204215819 ], [ 17.242070709580815, 49.607203104215806 ] ] } },
{ "type": "Feature", "properties": { "legend": "cyklostezka" }, "geometry": { "type": "LineString", "coordinates": [ [ 17.246392309585051, 49.590206904203065 ], [ 17.246403009585055, 49.590199704203037 ] ] } },
{ "type": "Feature", "properties": { "legend": "cyklostezka" }, "geometry": { "type": "LineString", "coordinates": [ [ 17.246563709585178, 49.590091504202903 ], [ 17.246582809585181, 49.590078004202951 ] ] } },
{ "type": "Feature", "properties": { "legend": "cyklostezka" }, "geometry": { "type": "LineString", "coordinates": [ [ 17.247936209587259, 49.573723204191197 ], [ 17.24792420958725, 49.573701704191215 ], [ 17.247917609587255, 49.573680204191135 ], [ 17.247920409587255, 49.573661104191153 ], [ 17.247929409587258, 49.573652904191221 ], [ 17.247943809587273, 49.573645904191167 ], [ 17.24796470958729, 49.573641504191137 ], [ 17.247974309587303, 49.573640904191166 ], [ 17.247996209587306, 49.573639404191155 ] ] } },
{ "type": "Feature", "properties": { "legend": "cyklostezka" }, "geometry": { "type": "LineString", "coordinates": [ [ 17.248126109587403, 49.57363180419113 ], [ 17.248167209587436, 49.573629704191099 ] ] } },
{ "type": "Feature", "properties": { "legend": "cyklostezka" }, "geometry": { "type": "LineString", "coordinates": [ [ 17.250802609589055, 49.577148704193071 ], [ 17.250799409589042, 49.577158404193064 ], [ 17.250784109589041, 49.577204404193068 ] ] } },
{ "type": "Feature", "properties": { "legend": "cyklostezka" }, "geometry": { "type": "LineString", "coordinates": [ [ 17.255356209592215, 49.577562204192482 ], [ 17.255232409592146, 49.577539704192425 ] ] } },
{ "type": "Feature", "properties": { "legend": "cyklostezka" }, "geometry": { "type": "LineString", "coordinates": [ [ 17.24697840958498, 49.597113504207783 ], [ 17.246920209584939, 49.597106104207761 ] ] } },
{ "type": "Feature", "properties": { "legend": "cyklostezka" }, "geometry": { "type": "LineString", "coordinates": [ [ 17.219198809565047, 49.60205980421663 ], [ 17.219152909565025, 49.60207880421661 ], [ 17.219142509565, 49.602087704216707 ], [ 17.219137609565003, 49.602097804216733 ], [ 17.219139009564998, 49.602110304216716 ], [ 17.219146009565005, 49.602123804216667 ], [ 17.219489309565226, 49.602552804216927 ] ] } },
{ "type": "Feature", "properties": { "legend": "cyklostezka" }, "geometry": { "type": "LineString", "coordinates": [ [ 17.268740609600229, 49.597826104204067 ], [ 17.268771909600247, 49.597857804204082 ], [ 17.268796509600271, 49.59786860420401 ], [ 17.268993209600396, 49.59792120420412 ], [ 17.269272809600597, 49.597995704203996 ], [ 17.269391309600671, 49.598026304204005 ], [ 17.26945960960073, 49.598043004204044 ], [ 17.269863009600989, 49.59815050420405 ], [ 17.270064409601137, 49.598203104204032 ], [ 17.2701595096012, 49.598233704203992 ], [ 17.270259309601268, 49.598270404204023 ], [ 17.270435309601378, 49.598357104204069 ] ] } },
{ "type": "Feature", "properties": { "legend": "cyklostezka" }, "geometry": { "type": "LineString", "coordinates": [ [ 17.274006909604353, 49.59164490419866 ], [ 17.273982309604339, 49.59168790419865 ] ] } },
{ "type": "Feature", "properties": { "legend": "cyklostezka" }, "geometry": { "type": "LineString", "coordinates": [ [ 17.274178609604487, 49.591348604198458 ], [ 17.274154009604477, 49.59138980419845 ] ] } },
{ "type": "Feature", "properties": { "legend": "cyklostezka" }, "geometry": { "type": "LineString", "coordinates": [ [ 17.274053709604399, 49.591563804198579 ], [ 17.274031709604373, 49.59160190419864 ], [ 17.274006909604353, 49.59164490419866 ] ] } },
{ "type": "Feature", "properties": { "legend": "cyklostezka" }, "geometry": { "type": "LineString", "coordinates": [ [ 17.274154009604477, 49.59138980419845 ], [ 17.274126009604444, 49.591438204198482 ], [ 17.274108409604437, 49.591468904198557 ] ] } },
{ "type": "Feature", "properties": { "legend": "cyklostezka" }, "geometry": { "type": "LineString", "coordinates": [ [ 17.273982309604339, 49.59168790419865 ], [ 17.273839109604239, 49.591653204198728 ] ] } },
{ "type": "Feature", "properties": { "legend": "cyklostezka" }, "geometry": { "type": "LineString", "coordinates": [ [ 17.273839109604239, 49.591653204198728 ], [ 17.273779009604198, 49.591640204198647 ], [ 17.273720009604155, 49.591627104198714 ] ] } },
{ "type": "Feature", "properties": { "legend": "cyklostezka" }, "geometry": { "type": "LineString", "coordinates": [ [ 17.274054209604415, 49.591320504198436 ], [ 17.274074209604432, 49.591325004198445 ], [ 17.274178609604487, 49.591348604198458 ], [ 17.274323009604604, 49.591383904198359 ], [ 17.275600309605473, 49.591696304198365 ], [ 17.275683309605533, 49.591716604198382 ], [ 17.276257109605922, 49.591873404198381 ], [ 17.276284409605942, 49.591884204198372 ] ] } },
{ "type": "Feature", "properties": { "legend": "cyklostezka" }, "geometry": { "type": "LineString", "coordinates": [ [ 17.273906309604303, 49.591283104198432 ], [ 17.273990609604361, 49.591304504198455 ], [ 17.274054209604415, 49.591320504198436 ] ] } },
{ "type": "Feature", "properties": { "legend": "cyklostezka" }, "geometry": { "type": "LineString", "coordinates": [ [ 17.281406309608506, 49.60645090420762 ], [ 17.281453709608545, 49.606512804207611 ], [ 17.280765109608033, 49.606762904207926 ], [ 17.280534109607867, 49.606846804208004 ] ] } },
{ "type": "Feature", "properties": { "legend": "cyklostezka" }, "geometry": { "type": "LineString", "coordinates": [ [ 17.280455109607811, 49.606875004208078 ], [ 17.280202809607637, 49.606963504208196 ], [ 17.280196409607619, 49.606965904208217 ], [ 17.280072109607548, 49.607010404208218 ], [ 17.280010209607489, 49.607029404208276 ], [ 17.279929209607435, 49.607042604208317 ] ] } },
{ "type": "Feature", "properties": { "legend": "cyklostezka" }, "geometry": { "type": "LineString", "coordinates": [ [ 17.280534109607867, 49.606846804208004 ], [ 17.280494109607837, 49.606861104208072 ], [ 17.280455109607811, 49.606875004208078 ] ] } },
{ "type": "Feature", "properties": { "legend": "cyklostezka" }, "geometry": { "type": "LineString", "coordinates": [ [ 17.283486109609797, 49.608825804208863 ], [ 17.283514109609818, 49.608857504208842 ], [ 17.283542809609827, 49.608889904208866 ] ] } },
{ "type": "Feature", "properties": { "legend": "cyklostezka" }, "geometry": { "type": "LineString", "coordinates": [ [ 17.283311509609703, 49.608631004208767 ], [ 17.283338609609718, 49.608648004208746 ] ] } },
{ "type": "Feature", "properties": { "legend": "cyklostezka" }, "geometry": { "type": "LineString", "coordinates": [ [ 17.283311509609703, 49.608631004208767 ], [ 17.283289909609678, 49.608617504208738 ] ] } },
{ "type": "Feature", "properties": { "legend": "cyklostezka" }, "geometry": { "type": "LineString", "coordinates": [ [ 17.283542809609827, 49.608889904208866 ], [ 17.283555309609842, 49.608904304208899 ], [ 17.284011409610127, 49.609429404209173 ] ] } },
{ "type": "Feature", "properties": { "legend": "cyklostezka" }, "geometry": { "type": "LineString", "coordinates": [ [ 17.284011409610127, 49.609429404209173 ], [ 17.284034509610134, 49.609454904209244 ], [ 17.284063309610161, 49.609486604209167 ] ] } },
{ "type": "Feature", "properties": { "legend": "cyklostezka" }, "geometry": { "type": "LineString", "coordinates": [ [ 17.284063309610161, 49.609486604209167 ], [ 17.284329809610313, 49.609805004209377 ], [ 17.284642309610522, 49.610170104209537 ] ] } },
{ "type": "Feature", "properties": { "legend": "cyklostezka" }, "geometry": { "type": "LineString", "coordinates": [ [ 17.284642309610522, 49.610170104209537 ], [ 17.284669009610539, 49.610201304209532 ], [ 17.28469580961054, 49.610232604209621 ] ] } },
{ "type": "Feature", "properties": { "legend": "cyklostezka" }, "geometry": { "type": "LineString", "coordinates": [ [ 17.251161209588382, 49.590462904202305 ], [ 17.251233909588429, 49.590473604202337 ], [ 17.251260309588456, 49.590477204202301 ], [ 17.251280209588472, 49.590481004202303 ], [ 17.251302709588472, 49.590486104202313 ], [ 17.251329509588498, 49.590497804202329 ] ] } },
{ "type": "Feature", "properties": { "legend": "cyklostezka" }, "geometry": { "type": "LineString", "coordinates": [ [ 17.25158900958867, 49.590655904202386 ], [ 17.25161570958868, 49.590675304202392 ] ] } },
{ "type": "Feature", "properties": { "legend": "cyklostezka" }, "geometry": { "type": "LineString", "coordinates": [ [ 17.251072409588321, 49.590454504202313 ], [ 17.251161209588382, 49.590462904202305 ] ] } }
]
}
